hour,zone,total_ridership
2024-01-01 00:00:00.000000 UTC,Inside,21440
2024-01-01 00:00:00.000000 UTC,Outside,57310
2024-01-01 01:00:00.000000 UTC,Inside,20815
2024-01-01 01:00:00.000000 UTC,Outside,51618
2024-01-01 02:00:00.000000 UTC,Inside,13026
2024-01-01 02:00:00.000000 UTC,Outside,28865
2024-01-01 03:00:00.000000 UTC,Inside,6191
2024-01-01 03:00:00.000000 UTC,Outside,14545
2024-01-01 04:00:00.000000 UTC,Inside,3189
2024-01-01 04:00:00.000000 UTC,Outside,10635
2024-01-01 05:00:00.000000 UTC,Inside,1981
2024-01-01 05:00:00.000000 UTC,Outside,14249
2024-01-01 06:00:00.000000 UTC,Inside,2909
2024-01-01 06:00:00.000000 UTC,Outside,23463
2024-01-01 07:00:00.000000 UTC,Inside,4095
2024-01-01 07:00:00.000000 UTC,Outside,32649
2024-01-01 08:00:00.000000 UTC,Inside,5238
2024-01-01 08:00:00.000000 UTC,Outside,37599
2024-01-01 09:00:00.000000 UTC,Inside,7175
2024-01-01 09:00:00.000000 UTC,Outside,40612
2024-01-01 10:00:00.000000 UTC,Inside,11201
2024-01-01 10:00:00.000000 UTC,Outside,50427
2024-01-01 11:00:00.000000 UTC,Inside,16118
2024-01-01 11:00:00.000000 UTC,Outside,61618
2024-01-01 12:00:00.000000 UTC,Inside,20383
2024-01-01 12:00:00.000000 UTC,Outside,74668
2024-01-01 13:00:00.000000 UTC,Inside,23767
2024-01-01 13:00:00.000000 UTC,Outside,89723
2024-01-01 14:00:00.000000 UTC,Inside,26240
2024-01-01 14:00:00.000000 UTC,Outside,99836
2024-01-01 15:00:00.000000 UTC,Inside,30759
2024-01-01 15:00:00.000000 UTC,Outside,105490
2024-01-01 16:00:00.000000 UTC,Inside,32098
2024-01-01 16:00:00.000000 UTC,Outside,105286
2024-01-01 17:00:00.000000 UTC,Inside,32325
2024-01-01 17:00:00.000000 UTC,Outside,97612
2024-01-01 18:00:00.000000 UTC,Inside,29264
2024-01-01 18:00:00.000000 UTC,Outside,81858
2024-01-01 19:00:00.000000 UTC,Inside,24125
2024-01-01 19:00:00.000000 UTC,Outside,62394
2024-01-01 20:00:00.000000 UTC,Inside,19214
2024-01-01 20:00:00.000000 UTC,Outside,50582
2024-01-01 21:00:00.000000 UTC,Inside,16566
2024-01-01 21:00:00.000000 UTC,Outside,41430
2024-01-01 22:00:00.000000 UTC,Inside,12356
2024-01-01 22:00:00.000000 UTC,Outside,32519
2024-01-01 23:00:00.000000 UTC,Inside,7639
2024-01-01 23:00:00.000000 UTC,Outside,20270
2024-01-02 00:00:00.000000 UTC,Inside,3865
2024-01-02 00:00:00.000000 UTC,Outside,10123
2024-01-02 01:00:00.000000 UTC,Inside,1659
2024-01-02 01:00:00.000000 UTC,Outside,4255
2024-01-02 02:00:00.000000 UTC,Inside,844
2024-01-02 02:00:00.000000 UTC,Outside,3132
2024-01-02 03:00:00.000000 UTC,Inside,578
2024-01-02 03:00:00.000000 UTC,Outside,4814
2024-01-02 04:00:00.000000 UTC,Inside,1092
2024-01-02 04:00:00.000000 UTC,Outside,14911
2024-01-02 05:00:00.000000 UTC,Inside,5831
2024-01-02 05:00:00.000000 UTC,Outside,52838
2024-01-02 06:00:00.000000 UTC,Inside,15920
2024-01-02 06:00:00.000000 UTC,Outside,113254
2024-01-02 07:00:00.000000 UTC,Inside,34014
2024-01-02 07:00:00.000000 UTC,Outside,224282
2024-01-02 08:00:00.000000 UTC,Inside,50479
2024-01-02 08:00:00.000000 UTC,Outside,257526
2024-01-02 09:00:00.000000 UTC,Inside,35054
2024-01-02 09:00:00.000000 UTC,Outside,155086
2024-01-02 10:00:00.000000 UTC,Inside,25189
2024-01-02 10:00:00.000000 UTC,Outside,109677
2024-01-02 11:00:00.000000 UTC,Inside,25850
2024-01-02 11:00:00.000000 UTC,Outside,102551
2024-01-02 12:00:00.000000 UTC,Inside,28806
2024-01-02 12:00:00.000000 UTC,Outside,109086
2024-01-02 13:00:00.000000 UTC,Inside,32594
2024-01-02 13:00:00.000000 UTC,Outside,126406
2024-01-02 14:00:00.000000 UTC,Inside,41564
2024-01-02 14:00:00.000000 UTC,Outside,159058
2024-01-02 15:00:00.000000 UTC,Inside,55746
2024-01-02 15:00:00.000000 UTC,Outside,199409
2024-01-02 16:00:00.000000 UTC,Inside,69663
2024-01-02 16:00:00.000000 UTC,Outside,225790
2024-01-02 17:00:00.000000 UTC,Inside,95036
2024-01-02 17:00:00.000000 UTC,Outside,263514
2024-01-02 18:00:00.000000 UTC,Inside,65420
2024-01-02 18:00:00.000000 UTC,Outside,180324
2024-01-02 19:00:00.000000 UTC,Inside,37834
2024-01-02 19:00:00.000000 UTC,Outside,106309
2024-01-02 20:00:00.000000 UTC,Inside,26399
2024-01-02 20:00:00.000000 UTC,Outside,75421
2024-01-02 21:00:00.000000 UTC,Inside,24763
2024-01-02 21:00:00.000000 UTC,Outside,59658
2024-01-02 22:00:00.000000 UTC,Inside,17743
2024-01-02 22:00:00.000000 UTC,Outside,45346
2024-01-02 23:00:00.000000 UTC,Inside,9713
2024-01-02 23:00:00.000000 UTC,Outside,27338
2024-01-03 00:00:00.000000 UTC,Inside,5873
2024-01-03 00:00:00.000000 UTC,Outside,14104
2024-01-03 01:00:00.000000 UTC,Inside,1942
2024-01-03 01:00:00.000000 UTC,Outside,5389
2024-01-03 02:00:00.000000 UTC,Inside,1052
2024-01-03 02:00:00.000000 UTC,Outside,3740
2024-01-03 03:00:00.000000 UTC,Inside,661
2024-01-03 03:00:00.000000 UTC,Outside,5054
2024-01-03 04:00:00.000000 UTC,Inside,1189
2024-01-03 04:00:00.000000 UTC,Outside,15957
2024-01-03 05:00:00.000000 UTC,Inside,6144
2024-01-03 05:00:00.000000 UTC,Outside,56650
2024-01-03 06:00:00.000000 UTC,Inside,17171
2024-01-03 06:00:00.000000 UTC,Outside,124704
2024-01-03 07:00:00.000000 UTC,Inside,37220
2024-01-03 07:00:00.000000 UTC,Outside,247187
2024-01-03 08:00:00.000000 UTC,Inside,58341
2024-01-03 08:00:00.000000 UTC,Outside,292254
2024-01-03 09:00:00.000000 UTC,Inside,39220
2024-01-03 09:00:00.000000 UTC,Outside,175961
2024-01-03 10:00:00.000000 UTC,Inside,26565
2024-01-03 10:00:00.000000 UTC,Outside,118854
2024-01-03 11:00:00.000000 UTC,Inside,26833
2024-01-03 11:00:00.000000 UTC,Outside,108668
2024-01-03 12:00:00.000000 UTC,Inside,29892
2024-01-03 12:00:00.000000 UTC,Outside,116947
2024-01-03 13:00:00.000000 UTC,Inside,34370
2024-01-03 13:00:00.000000 UTC,Outside,133780
2024-01-03 14:00:00.000000 UTC,Inside,43453
2024-01-03 14:00:00.000000 UTC,Outside,166912
2024-01-03 15:00:00.000000 UTC,Inside,57579
2024-01-03 15:00:00.000000 UTC,Outside,206669
2024-01-03 16:00:00.000000 UTC,Inside,76739
2024-01-03 16:00:00.000000 UTC,Outside,239160
2024-01-03 17:00:00.000000 UTC,Inside,103266
2024-01-03 17:00:00.000000 UTC,Outside,278646
2024-01-03 18:00:00.000000 UTC,Inside,71681
2024-01-03 18:00:00.000000 UTC,Outside,195113
2024-01-03 19:00:00.000000 UTC,Inside,41377
2024-01-03 19:00:00.000000 UTC,Outside,116047
2024-01-03 20:00:00.000000 UTC,Inside,27563
2024-01-03 20:00:00.000000 UTC,Outside,78986
2024-01-03 21:00:00.000000 UTC,Inside,23102
2024-01-03 21:00:00.000000 UTC,Outside,60277
2024-01-03 22:00:00.000000 UTC,Inside,18855
2024-01-03 22:00:00.000000 UTC,Outside,47758
2024-01-03 23:00:00.000000 UTC,Inside,12164
2024-01-03 23:00:00.000000 UTC,Outside,31799
2024-01-04 00:00:00.000000 UTC,Inside,6059
2024-01-04 00:00:00.000000 UTC,Outside,14625
2024-01-04 01:00:00.000000 UTC,Inside,1920
2024-01-04 01:00:00.000000 UTC,Outside,5555
2024-01-04 02:00:00.000000 UTC,Inside,904
2024-01-04 02:00:00.000000 UTC,Outside,3858
2024-01-04 03:00:00.000000 UTC,Inside,695
2024-01-04 03:00:00.000000 UTC,Outside,5110
2024-01-04 04:00:00.000000 UTC,Inside,1170
2024-01-04 04:00:00.000000 UTC,Outside,15863
2024-01-04 05:00:00.000000 UTC,Inside,5925
2024-01-04 05:00:00.000000 UTC,Outside,56453
2024-01-04 06:00:00.000000 UTC,Inside,17167
2024-01-04 06:00:00.000000 UTC,Outside,124419
2024-01-04 07:00:00.000000 UTC,Inside,36081
2024-01-04 07:00:00.000000 UTC,Outside,246654
2024-01-04 08:00:00.000000 UTC,Inside,57848
2024-01-04 08:00:00.000000 UTC,Outside,291061
2024-01-04 09:00:00.000000 UTC,Inside,40150
2024-01-04 09:00:00.000000 UTC,Outside,178894
2024-01-04 10:00:00.000000 UTC,Inside,27211
2024-01-04 10:00:00.000000 UTC,Outside,120751
2024-01-04 11:00:00.000000 UTC,Inside,27306
2024-01-04 11:00:00.000000 UTC,Outside,109055
2024-01-04 12:00:00.000000 UTC,Inside,29905
2024-01-04 12:00:00.000000 UTC,Outside,116226
2024-01-04 13:00:00.000000 UTC,Inside,33581
2024-01-04 13:00:00.000000 UTC,Outside,131671
2024-01-04 14:00:00.000000 UTC,Inside,42488
2024-01-04 14:00:00.000000 UTC,Outside,167556
2024-01-04 15:00:00.000000 UTC,Inside,58522
2024-01-04 15:00:00.000000 UTC,Outside,209971
2024-01-04 16:00:00.000000 UTC,Inside,72374
2024-01-04 16:00:00.000000 UTC,Outside,237337
2024-01-04 17:00:00.000000 UTC,Inside,99725
2024-01-04 17:00:00.000000 UTC,Outside,279052
2024-01-04 18:00:00.000000 UTC,Inside,73474
2024-01-04 18:00:00.000000 UTC,Outside,196556
2024-01-04 19:00:00.000000 UTC,Inside,41960
2024-01-04 19:00:00.000000 UTC,Outside,116336
2024-01-04 20:00:00.000000 UTC,Inside,28755
2024-01-04 20:00:00.000000 UTC,Outside,81001
2024-01-04 21:00:00.000000 UTC,Inside,26223
2024-01-04 21:00:00.000000 UTC,Outside,64620
2024-01-04 22:00:00.000000 UTC,Inside,18948
2024-01-04 22:00:00.000000 UTC,Outside,48334
2024-01-04 23:00:00.000000 UTC,Inside,10895
2024-01-04 23:00:00.000000 UTC,Outside,29224
2024-01-05 00:00:00.000000 UTC,Inside,6334
2024-01-05 00:00:00.000000 UTC,Outside,15053
2024-01-05 01:00:00.000000 UTC,Inside,2233
2024-01-05 01:00:00.000000 UTC,Outside,6001
2024-01-05 02:00:00.000000 UTC,Inside,1113
2024-01-05 02:00:00.000000 UTC,Outside,3929
2024-01-05 03:00:00.000000 UTC,Inside,818
2024-01-05 03:00:00.000000 UTC,Outside,5168
2024-01-05 04:00:00.000000 UTC,Inside,1189
2024-01-05 04:00:00.000000 UTC,Outside,15221
2024-01-05 05:00:00.000000 UTC,Inside,5461
2024-01-05 05:00:00.000000 UTC,Outside,53041
2024-01-05 06:00:00.000000 UTC,Inside,14748
2024-01-05 06:00:00.000000 UTC,Outside,113410
2024-01-05 07:00:00.000000 UTC,Inside,28439
2024-01-05 07:00:00.000000 UTC,Outside,216156
2024-01-05 08:00:00.000000 UTC,Inside,37472
2024-01-05 08:00:00.000000 UTC,Outside,221620
2024-01-05 09:00:00.000000 UTC,Inside,29357
2024-01-05 09:00:00.000000 UTC,Outside,141935
2024-01-05 10:00:00.000000 UTC,Inside,24954
2024-01-05 10:00:00.000000 UTC,Outside,109114
2024-01-05 11:00:00.000000 UTC,Inside,25995
2024-01-05 11:00:00.000000 UTC,Outside,103238
2024-01-05 12:00:00.000000 UTC,Inside,29942
2024-01-05 12:00:00.000000 UTC,Outside,113355
2024-01-05 13:00:00.000000 UTC,Inside,33926
2024-01-05 13:00:00.000000 UTC,Outside,132992
2024-01-05 14:00:00.000000 UTC,Inside,44471
2024-01-05 14:00:00.000000 UTC,Outside,169216
2024-01-05 15:00:00.000000 UTC,Inside,57207
2024-01-05 15:00:00.000000 UTC,Outside,206403
2024-01-05 16:00:00.000000 UTC,Inside,64905
2024-01-05 16:00:00.000000 UTC,Outside,220027
2024-01-05 17:00:00.000000 UTC,Inside,74643
2024-01-05 17:00:00.000000 UTC,Outside,231912
2024-01-05 18:00:00.000000 UTC,Inside,57766
2024-01-05 18:00:00.000000 UTC,Outside,175508
2024-01-05 19:00:00.000000 UTC,Inside,39078
2024-01-05 19:00:00.000000 UTC,Outside,119955
2024-01-05 20:00:00.000000 UTC,Inside,28138
2024-01-05 20:00:00.000000 UTC,Outside,84748
2024-01-05 21:00:00.000000 UTC,Inside,25940
2024-01-05 21:00:00.000000 UTC,Outside,68046
2024-01-05 22:00:00.000000 UTC,Inside,29233
2024-01-05 22:00:00.000000 UTC,Outside,59930
2024-01-05 23:00:00.000000 UTC,Inside,15916
2024-01-05 23:00:00.000000 UTC,Outside,41191
2024-01-06 00:00:00.000000 UTC,Inside,9686
2024-01-06 00:00:00.000000 UTC,Outside,23082
2024-01-06 01:00:00.000000 UTC,Inside,4448
2024-01-06 01:00:00.000000 UTC,Outside,10495
2024-01-06 02:00:00.000000 UTC,Inside,2159
2024-01-06 02:00:00.000000 UTC,Outside,6196
2024-01-06 03:00:00.000000 UTC,Inside,1344
2024-01-06 03:00:00.000000 UTC,Outside,5019
2024-01-06 04:00:00.000000 UTC,Inside,1128
2024-01-06 04:00:00.000000 UTC,Outside,8782
2024-01-06 05:00:00.000000 UTC,Inside,1681
2024-01-06 05:00:00.000000 UTC,Outside,18912
2024-01-06 06:00:00.000000 UTC,Inside,3971
2024-01-06 06:00:00.000000 UTC,Outside,36796
2024-01-06 07:00:00.000000 UTC,Inside,6473
2024-01-06 07:00:00.000000 UTC,Outside,53228
2024-01-06 08:00:00.000000 UTC,Inside,9441
2024-01-06 08:00:00.000000 UTC,Outside,66149
2024-01-06 09:00:00.000000 UTC,Inside,13793
2024-01-06 09:00:00.000000 UTC,Outside,78275
2024-01-06 10:00:00.000000 UTC,Inside,18544
2024-01-06 10:00:00.000000 UTC,Outside,84921
2024-01-06 11:00:00.000000 UTC,Inside,22832
2024-01-06 11:00:00.000000 UTC,Outside,95609
2024-01-06 12:00:00.000000 UTC,Inside,26907
2024-01-06 12:00:00.000000 UTC,Outside,106418
2024-01-06 13:00:00.000000 UTC,Inside,29894
2024-01-06 13:00:00.000000 UTC,Outside,115213
2024-01-06 14:00:00.000000 UTC,Inside,33101
2024-01-06 14:00:00.000000 UTC,Outside,121644
2024-01-06 15:00:00.000000 UTC,Inside,38727
2024-01-06 15:00:00.000000 UTC,Outside,129595
2024-01-06 16:00:00.000000 UTC,Inside,40168
2024-01-06 16:00:00.000000 UTC,Outside,122592
2024-01-06 17:00:00.000000 UTC,Inside,36471
2024-01-06 17:00:00.000000 UTC,Outside,110370
2024-01-06 18:00:00.000000 UTC,Inside,30428
2024-01-06 18:00:00.000000 UTC,Outside,94174
2024-01-06 19:00:00.000000 UTC,Inside,24969
2024-01-06 19:00:00.000000 UTC,Outside,73928
2024-01-06 20:00:00.000000 UTC,Inside,18801
2024-01-06 20:00:00.000000 UTC,Outside,56225
2024-01-06 21:00:00.000000 UTC,Inside,16596
2024-01-06 21:00:00.000000 UTC,Outside,47935
2024-01-06 22:00:00.000000 UTC,Inside,18175
2024-01-06 22:00:00.000000 UTC,Outside,43456
2024-01-06 23:00:00.000000 UTC,Inside,11997
2024-01-06 23:00:00.000000 UTC,Outside,31811
2024-01-07 00:00:00.000000 UTC,Inside,7253
2024-01-07 00:00:00.000000 UTC,Outside,18012
2024-01-07 01:00:00.000000 UTC,Inside,3479
2024-01-07 01:00:00.000000 UTC,Outside,8720
2024-01-07 02:00:00.000000 UTC,Inside,1969
2024-01-07 02:00:00.000000 UTC,Outside,5331
2024-01-07 03:00:00.000000 UTC,Inside,1065
2024-01-07 03:00:00.000000 UTC,Outside,4305
2024-01-07 04:00:00.000000 UTC,Inside,1030
2024-01-07 04:00:00.000000 UTC,Outside,6820
2024-01-07 05:00:00.000000 UTC,Inside,1222
2024-01-07 05:00:00.000000 UTC,Outside,13337
2024-01-07 06:00:00.000000 UTC,Inside,2666
2024-01-07 06:00:00.000000 UTC,Outside,25261
2024-01-07 07:00:00.000000 UTC,Inside,4365
2024-01-07 07:00:00.000000 UTC,Outside,35068
2024-01-07 08:00:00.000000 UTC,Inside,6180
2024-01-07 08:00:00.000000 UTC,Outside,44367
2024-01-07 09:00:00.000000 UTC,Inside,9432
2024-01-07 09:00:00.000000 UTC,Outside,54220
2024-01-07 10:00:00.000000 UTC,Inside,13159
2024-01-07 10:00:00.000000 UTC,Outside,65120
2024-01-07 11:00:00.000000 UTC,Inside,17203
2024-01-07 11:00:00.000000 UTC,Outside,71426
2024-01-07 12:00:00.000000 UTC,Inside,20347
2024-01-07 12:00:00.000000 UTC,Outside,81535
2024-01-07 13:00:00.000000 UTC,Inside,22776
2024-01-07 13:00:00.000000 UTC,Outside,90605
2024-01-07 14:00:00.000000 UTC,Inside,24916
2024-01-07 14:00:00.000000 UTC,Outside,96249
2024-01-07 15:00:00.000000 UTC,Inside,27000
2024-01-07 15:00:00.000000 UTC,Outside,97417
2024-01-07 16:00:00.000000 UTC,Inside,28671
2024-01-07 16:00:00.000000 UTC,Outside,95900
2024-01-07 17:00:00.000000 UTC,Inside,30387
2024-01-07 17:00:00.000000 UTC,Outside,88886
2024-01-07 18:00:00.000000 UTC,Inside,27346
2024-01-07 18:00:00.000000 UTC,Outside,74768
2024-01-07 19:00:00.000000 UTC,Inside,19471
2024-01-07 19:00:00.000000 UTC,Outside,57941
2024-01-07 20:00:00.000000 UTC,Inside,15787
2024-01-07 20:00:00.000000 UTC,Outside,46219
2024-01-07 21:00:00.000000 UTC,Inside,13762
2024-01-07 21:00:00.000000 UTC,Outside,39164
2024-01-07 22:00:00.000000 UTC,Inside,10768
2024-01-07 22:00:00.000000 UTC,Outside,32024
2024-01-07 23:00:00.000000 UTC,Inside,6855
2024-01-07 23:00:00.000000 UTC,Outside,20314
2024-01-08 00:00:00.000000 UTC,Inside,3385
2024-01-08 00:00:00.000000 UTC,Outside,10091
2024-01-08 01:00:00.000000 UTC,Inside,1402
2024-01-08 01:00:00.000000 UTC,Outside,4403
2024-01-08 02:00:00.000000 UTC,Inside,766
2024-01-08 02:00:00.000000 UTC,Outside,3379
2024-01-08 03:00:00.000000 UTC,Inside,570
2024-01-08 03:00:00.000000 UTC,Outside,5065
2024-01-08 04:00:00.000000 UTC,Inside,1190
2024-01-08 04:00:00.000000 UTC,Outside,15898
2024-01-08 05:00:00.000000 UTC,Inside,5734
2024-01-08 05:00:00.000000 UTC,Outside,56174
2024-01-08 06:00:00.000000 UTC,Inside,17490
2024-01-08 06:00:00.000000 UTC,Outside,124990
2024-01-08 07:00:00.000000 UTC,Inside,37316
2024-01-08 07:00:00.000000 UTC,Outside,253054
2024-01-08 08:00:00.000000 UTC,Inside,53848
2024-01-08 08:00:00.000000 UTC,Outside,282418
2024-01-08 09:00:00.000000 UTC,Inside,34534
2024-01-08 09:00:00.000000 UTC,Outside,161503
2024-01-08 10:00:00.000000 UTC,Inside,22729
2024-01-08 10:00:00.000000 UTC,Outside,106996
2024-01-08 11:00:00.000000 UTC,Inside,22539
2024-01-08 11:00:00.000000 UTC,Outside,96931
2024-01-08 12:00:00.000000 UTC,Inside,25072
2024-01-08 12:00:00.000000 UTC,Outside,103768
2024-01-08 13:00:00.000000 UTC,Inside,28484
2024-01-08 13:00:00.000000 UTC,Outside,119822
2024-01-08 14:00:00.000000 UTC,Inside,37977
2024-01-08 14:00:00.000000 UTC,Outside,152376
2024-01-08 15:00:00.000000 UTC,Inside,50889
2024-01-08 15:00:00.000000 UTC,Outside,197906
2024-01-08 16:00:00.000000 UTC,Inside,64982
2024-01-08 16:00:00.000000 UTC,Outside,225070
2024-01-08 17:00:00.000000 UTC,Inside,88129
2024-01-08 17:00:00.000000 UTC,Outside,262209
2024-01-08 18:00:00.000000 UTC,Inside,66667
2024-01-08 18:00:00.000000 UTC,Outside,190623
2024-01-08 19:00:00.000000 UTC,Inside,36471
2024-01-08 19:00:00.000000 UTC,Outside,110368
2024-01-08 20:00:00.000000 UTC,Inside,23343
2024-01-08 20:00:00.000000 UTC,Outside,73747
2024-01-08 21:00:00.000000 UTC,Inside,18697
2024-01-08 21:00:00.000000 UTC,Outside,55958
2024-01-08 22:00:00.000000 UTC,Inside,13024
2024-01-08 22:00:00.000000 UTC,Outside,42140
2024-01-08 23:00:00.000000 UTC,Inside,8875
2024-01-08 23:00:00.000000 UTC,Outside,28662
2024-01-09 00:00:00.000000 UTC,Inside,5123
2024-01-09 00:00:00.000000 UTC,Outside,13287
2024-01-09 01:00:00.000000 UTC,Inside,1710
2024-01-09 01:00:00.000000 UTC,Outside,4990
2024-01-09 02:00:00.000000 UTC,Inside,889
2024-01-09 02:00:00.000000 UTC,Outside,3716
2024-01-09 03:00:00.000000 UTC,Inside,617
2024-01-09 03:00:00.000000 UTC,Outside,5015
2024-01-09 04:00:00.000000 UTC,Inside,1172
2024-01-09 04:00:00.000000 UTC,Outside,16003
2024-01-09 05:00:00.000000 UTC,Inside,6017
2024-01-09 05:00:00.000000 UTC,Outside,57182
2024-01-09 06:00:00.000000 UTC,Inside,17776
2024-01-09 06:00:00.000000 UTC,Outside,128301
2024-01-09 07:00:00.000000 UTC,Inside,39940
2024-01-09 07:00:00.000000 UTC,Outside,261894
2024-01-09 08:00:00.000000 UTC,Inside,64753
2024-01-09 08:00:00.000000 UTC,Outside,316151
2024-01-09 09:00:00.000000 UTC,Inside,40570
2024-01-09 09:00:00.000000 UTC,Outside,184004
2024-01-09 10:00:00.000000 UTC,Inside,23880
2024-01-09 10:00:00.000000 UTC,Outside,113671
2024-01-09 11:00:00.000000 UTC,Inside,23820
2024-01-09 11:00:00.000000 UTC,Outside,100165
2024-01-09 12:00:00.000000 UTC,Inside,26205
2024-01-09 12:00:00.000000 UTC,Outside,104442
2024-01-09 13:00:00.000000 UTC,Inside,30785
2024-01-09 13:00:00.000000 UTC,Outside,121132
2024-01-09 14:00:00.000000 UTC,Inside,42600
2024-01-09 14:00:00.000000 UTC,Outside,162183
2024-01-09 15:00:00.000000 UTC,Inside,60899
2024-01-09 15:00:00.000000 UTC,Outside,210072
2024-01-09 16:00:00.000000 UTC,Inside,75397
2024-01-09 16:00:00.000000 UTC,Outside,230131
2024-01-09 17:00:00.000000 UTC,Inside,90737
2024-01-09 17:00:00.000000 UTC,Outside,245514
2024-01-09 18:00:00.000000 UTC,Inside,58681
2024-01-09 18:00:00.000000 UTC,Outside,161459
2024-01-09 19:00:00.000000 UTC,Inside,29817
2024-01-09 19:00:00.000000 UTC,Outside,87334
2024-01-09 20:00:00.000000 UTC,Inside,19156
2024-01-09 20:00:00.000000 UTC,Outside,58705
2024-01-09 21:00:00.000000 UTC,Inside,20289
2024-01-09 21:00:00.000000 UTC,Outside,48237
2024-01-09 22:00:00.000000 UTC,Inside,13976
2024-01-09 22:00:00.000000 UTC,Outside,38622
2024-01-09 23:00:00.000000 UTC,Inside,7305
2024-01-09 23:00:00.000000 UTC,Outside,21554
2024-01-10 00:00:00.000000 UTC,Inside,4143
2024-01-10 00:00:00.000000 UTC,Outside,10874
2024-01-10 01:00:00.000000 UTC,Inside,1323
2024-01-10 01:00:00.000000 UTC,Outside,4349
2024-01-10 02:00:00.000000 UTC,Inside,752
2024-01-10 02:00:00.000000 UTC,Outside,3344
2024-01-10 03:00:00.000000 UTC,Inside,621
2024-01-10 03:00:00.000000 UTC,Outside,4864
2024-01-10 04:00:00.000000 UTC,Inside,1138
2024-01-10 04:00:00.000000 UTC,Outside,15706
2024-01-10 05:00:00.000000 UTC,Inside,5951
2024-01-10 05:00:00.000000 UTC,Outside,57022
2024-01-10 06:00:00.000000 UTC,Inside,17105
2024-01-10 06:00:00.000000 UTC,Outside,126592
2024-01-10 07:00:00.000000 UTC,Inside,38601
2024-01-10 07:00:00.000000 UTC,Outside,262448
2024-01-10 08:00:00.000000 UTC,Inside,62639
2024-01-10 08:00:00.000000 UTC,Outside,312690
2024-01-10 09:00:00.000000 UTC,Inside,40503
2024-01-10 09:00:00.000000 UTC,Outside,182921
2024-01-10 10:00:00.000000 UTC,Inside,24587
2024-01-10 10:00:00.000000 UTC,Outside,115601
2024-01-10 11:00:00.000000 UTC,Inside,23482
2024-01-10 11:00:00.000000 UTC,Outside,102102
2024-01-10 12:00:00.000000 UTC,Inside,26241
2024-01-10 12:00:00.000000 UTC,Outside,108990
2024-01-10 13:00:00.000000 UTC,Inside,30311
2024-01-10 13:00:00.000000 UTC,Outside,125449
2024-01-10 14:00:00.000000 UTC,Inside,38782
2024-01-10 14:00:00.000000 UTC,Outside,161190
2024-01-10 15:00:00.000000 UTC,Inside,52673
2024-01-10 15:00:00.000000 UTC,Outside,199871
2024-01-10 16:00:00.000000 UTC,Inside,70718
2024-01-10 16:00:00.000000 UTC,Outside,231252
2024-01-10 17:00:00.000000 UTC,Inside,102071
2024-01-10 17:00:00.000000 UTC,Outside,281595
2024-01-10 18:00:00.000000 UTC,Inside,74948
2024-01-10 18:00:00.000000 UTC,Outside,202615
2024-01-10 19:00:00.000000 UTC,Inside,42506
2024-01-10 19:00:00.000000 UTC,Outside,118880
2024-01-10 20:00:00.000000 UTC,Inside,28690
2024-01-10 20:00:00.000000 UTC,Outside,85501
2024-01-10 21:00:00.000000 UTC,Inside,25656
2024-01-10 21:00:00.000000 UTC,Outside,67382
2024-01-10 22:00:00.000000 UTC,Inside,18261
2024-01-10 22:00:00.000000 UTC,Outside,50617
2024-01-10 23:00:00.000000 UTC,Inside,10704
2024-01-10 23:00:00.000000 UTC,Outside,29960
2024-01-11 00:00:00.000000 UTC,Inside,5946
2024-01-11 00:00:00.000000 UTC,Outside,14962
2024-01-11 01:00:00.000000 UTC,Inside,1920
2024-01-11 01:00:00.000000 UTC,Outside,5702
2024-01-11 02:00:00.000000 UTC,Inside,1050
2024-01-11 02:00:00.000000 UTC,Outside,4019
2024-01-11 03:00:00.000000 UTC,Inside,736
2024-01-11 03:00:00.000000 UTC,Outside,5409
2024-01-11 04:00:00.000000 UTC,Inside,1294
2024-01-11 04:00:00.000000 UTC,Outside,16393
2024-01-11 05:00:00.000000 UTC,Inside,6137
2024-01-11 05:00:00.000000 UTC,Outside,57990
2024-01-11 06:00:00.000000 UTC,Inside,17884
2024-01-11 06:00:00.000000 UTC,Outside,129383
2024-01-11 07:00:00.000000 UTC,Inside,40159
2024-01-11 07:00:00.000000 UTC,Outside,265253
2024-01-11 08:00:00.000000 UTC,Inside,62724
2024-01-11 08:00:00.000000 UTC,Outside,312845
2024-01-11 09:00:00.000000 UTC,Inside,42323
2024-01-11 09:00:00.000000 UTC,Outside,187554
2024-01-11 10:00:00.000000 UTC,Inside,25768
2024-01-11 10:00:00.000000 UTC,Outside,120173
2024-01-11 11:00:00.000000 UTC,Inside,25049
2024-01-11 11:00:00.000000 UTC,Outside,105610
2024-01-11 12:00:00.000000 UTC,Inside,27505
2024-01-11 12:00:00.000000 UTC,Outside,113297
2024-01-11 13:00:00.000000 UTC,Inside,30937
2024-01-11 13:00:00.000000 UTC,Outside,127241
2024-01-11 14:00:00.000000 UTC,Inside,39812
2024-01-11 14:00:00.000000 UTC,Outside,163813
2024-01-11 15:00:00.000000 UTC,Inside,55163
2024-01-11 15:00:00.000000 UTC,Outside,208334
2024-01-11 16:00:00.000000 UTC,Inside,72081
2024-01-11 16:00:00.000000 UTC,Outside,240163
2024-01-11 17:00:00.000000 UTC,Inside,103058
2024-01-11 17:00:00.000000 UTC,Outside,290924
2024-01-11 18:00:00.000000 UTC,Inside,76821
2024-01-11 18:00:00.000000 UTC,Outside,212210
2024-01-11 19:00:00.000000 UTC,Inside,44211
2024-01-11 19:00:00.000000 UTC,Outside,129029
2024-01-11 20:00:00.000000 UTC,Inside,30589
2024-01-11 20:00:00.000000 UTC,Outside,91792
2024-01-11 21:00:00.000000 UTC,Inside,27496
2024-01-11 21:00:00.000000 UTC,Outside,71418
2024-01-11 22:00:00.000000 UTC,Inside,20796
2024-01-11 22:00:00.000000 UTC,Outside,55762
2024-01-11 23:00:00.000000 UTC,Inside,12487
2024-01-11 23:00:00.000000 UTC,Outside,34546
2024-01-12 00:00:00.000000 UTC,Inside,6834
2024-01-12 00:00:00.000000 UTC,Outside,17781
2024-01-12 01:00:00.000000 UTC,Inside,2326
2024-01-12 01:00:00.000000 UTC,Outside,7048
2024-01-12 02:00:00.000000 UTC,Inside,1229
2024-01-12 02:00:00.000000 UTC,Outside,4398
2024-01-12 03:00:00.000000 UTC,Inside,855
2024-01-12 03:00:00.000000 UTC,Outside,5530
2024-01-12 04:00:00.000000 UTC,Inside,1271
2024-01-12 04:00:00.000000 UTC,Outside,15911
2024-01-12 05:00:00.000000 UTC,Inside,5899
2024-01-12 05:00:00.000000 UTC,Outside,55238
2024-01-12 06:00:00.000000 UTC,Inside,15628
2024-01-12 06:00:00.000000 UTC,Outside,118981
2024-01-12 07:00:00.000000 UTC,Inside,31457
2024-01-12 07:00:00.000000 UTC,Outside,231063
2024-01-12 08:00:00.000000 UTC,Inside,39601
2024-01-12 08:00:00.000000 UTC,Outside,235750
2024-01-12 09:00:00.000000 UTC,Inside,28044
2024-01-12 09:00:00.000000 UTC,Outside,146483
2024-01-12 10:00:00.000000 UTC,Inside,22896
2024-01-12 10:00:00.000000 UTC,Outside,110584
2024-01-12 11:00:00.000000 UTC,Inside,23834
2024-01-12 11:00:00.000000 UTC,Outside,104559
2024-01-12 12:00:00.000000 UTC,Inside,27651
2024-01-12 12:00:00.000000 UTC,Outside,116015
2024-01-12 13:00:00.000000 UTC,Inside,33089
2024-01-12 13:00:00.000000 UTC,Outside,136215
2024-01-12 14:00:00.000000 UTC,Inside,43709
2024-01-12 14:00:00.000000 UTC,Outside,175602
2024-01-12 15:00:00.000000 UTC,Inside,56660
2024-01-12 15:00:00.000000 UTC,Outside,214147
2024-01-12 16:00:00.000000 UTC,Inside,65348
2024-01-12 16:00:00.000000 UTC,Outside,224108
2024-01-12 17:00:00.000000 UTC,Inside,73170
2024-01-12 17:00:00.000000 UTC,Outside,234115
2024-01-12 18:00:00.000000 UTC,Inside,56860
2024-01-12 18:00:00.000000 UTC,Outside,180592
2024-01-12 19:00:00.000000 UTC,Inside,40275
2024-01-12 19:00:00.000000 UTC,Outside,125558
2024-01-12 20:00:00.000000 UTC,Inside,29669
2024-01-12 20:00:00.000000 UTC,Outside,91307
2024-01-12 21:00:00.000000 UTC,Inside,26248
2024-01-12 21:00:00.000000 UTC,Outside,73374
2024-01-12 22:00:00.000000 UTC,Inside,26718
2024-01-12 22:00:00.000000 UTC,Outside,64916
2024-01-12 23:00:00.000000 UTC,Inside,16503
2024-01-12 23:00:00.000000 UTC,Outside,44258
2024-01-13 00:00:00.000000 UTC,Inside,10130
2024-01-13 00:00:00.000000 UTC,Outside,23919
2024-01-13 01:00:00.000000 UTC,Inside,4375
2024-01-13 01:00:00.000000 UTC,Outside,10443
2024-01-13 02:00:00.000000 UTC,Inside,2114
2024-01-13 02:00:00.000000 UTC,Outside,5909
2024-01-13 03:00:00.000000 UTC,Inside,1300
2024-01-13 03:00:00.000000 UTC,Outside,4929
2024-01-13 04:00:00.000000 UTC,Inside,1162
2024-01-13 04:00:00.000000 UTC,Outside,8787
2024-01-13 05:00:00.000000 UTC,Inside,1813
2024-01-13 05:00:00.000000 UTC,Outside,19072
2024-01-13 06:00:00.000000 UTC,Inside,3979
2024-01-13 06:00:00.000000 UTC,Outside,36215
2024-01-13 07:00:00.000000 UTC,Inside,6618
2024-01-13 07:00:00.000000 UTC,Outside,53674
2024-01-13 08:00:00.000000 UTC,Inside,9729
2024-01-13 08:00:00.000000 UTC,Outside,67404
2024-01-13 09:00:00.000000 UTC,Inside,13846
2024-01-13 09:00:00.000000 UTC,Outside,77050
2024-01-13 10:00:00.000000 UTC,Inside,18160
2024-01-13 10:00:00.000000 UTC,Outside,87270
2024-01-13 11:00:00.000000 UTC,Inside,23550
2024-01-13 11:00:00.000000 UTC,Outside,100266
2024-01-13 12:00:00.000000 UTC,Inside,30076
2024-01-13 12:00:00.000000 UTC,Outside,118751
2024-01-13 13:00:00.000000 UTC,Inside,31481
2024-01-13 13:00:00.000000 UTC,Outside,121650
2024-01-13 14:00:00.000000 UTC,Inside,34676
2024-01-13 14:00:00.000000 UTC,Outside,128390
2024-01-13 15:00:00.000000 UTC,Inside,39059
2024-01-13 15:00:00.000000 UTC,Outside,134603
2024-01-13 16:00:00.000000 UTC,Inside,43161
2024-01-13 16:00:00.000000 UTC,Outside,138475
2024-01-13 17:00:00.000000 UTC,Inside,42568
2024-01-13 17:00:00.000000 UTC,Outside,134068
2024-01-13 18:00:00.000000 UTC,Inside,37793
2024-01-13 18:00:00.000000 UTC,Outside,115265
2024-01-13 19:00:00.000000 UTC,Inside,32299
2024-01-13 19:00:00.000000 UTC,Outside,95396
2024-01-13 20:00:00.000000 UTC,Inside,24886
2024-01-13 20:00:00.000000 UTC,Outside,71462
2024-01-13 21:00:00.000000 UTC,Inside,21718
2024-01-13 21:00:00.000000 UTC,Outside,61048
2024-01-13 22:00:00.000000 UTC,Inside,21901
2024-01-13 22:00:00.000000 UTC,Outside,55828
2024-01-13 23:00:00.000000 UTC,Inside,16501
2024-01-13 23:00:00.000000 UTC,Outside,41977
2024-01-14 00:00:00.000000 UTC,Inside,9433
2024-01-14 00:00:00.000000 UTC,Outside,23905
2024-01-14 01:00:00.000000 UTC,Inside,4870
2024-01-14 01:00:00.000000 UTC,Outside,11723
2024-01-14 02:00:00.000000 UTC,Inside,2850
2024-01-14 02:00:00.000000 UTC,Outside,7466
2024-01-14 03:00:00.000000 UTC,Inside,1551
2024-01-14 03:00:00.000000 UTC,Outside,5378
2024-01-14 04:00:00.000000 UTC,Inside,1332
2024-01-14 04:00:00.000000 UTC,Outside,7489
2024-01-14 05:00:00.000000 UTC,Inside,1324
2024-01-14 05:00:00.000000 UTC,Outside,13821
2024-01-14 06:00:00.000000 UTC,Inside,2845
2024-01-14 06:00:00.000000 UTC,Outside,25414
2024-01-14 07:00:00.000000 UTC,Inside,4770
2024-01-14 07:00:00.000000 UTC,Outside,37712
2024-01-14 08:00:00.000000 UTC,Inside,7245
2024-01-14 08:00:00.000000 UTC,Outside,49516
2024-01-14 09:00:00.000000 UTC,Inside,11269
2024-01-14 09:00:00.000000 UTC,Outside,63308
2024-01-14 10:00:00.000000 UTC,Inside,15472
2024-01-14 10:00:00.000000 UTC,Outside,77534
2024-01-14 11:00:00.000000 UTC,Inside,20331
2024-01-14 11:00:00.000000 UTC,Outside,88044
2024-01-14 12:00:00.000000 UTC,Inside,25108
2024-01-14 12:00:00.000000 UTC,Outside,101799
2024-01-14 13:00:00.000000 UTC,Inside,28358
2024-01-14 13:00:00.000000 UTC,Outside,109326
2024-01-14 14:00:00.000000 UTC,Inside,29777
2024-01-14 14:00:00.000000 UTC,Outside,108146
2024-01-14 15:00:00.000000 UTC,Inside,33659
2024-01-14 15:00:00.000000 UTC,Outside,112034
2024-01-14 16:00:00.000000 UTC,Inside,36965
2024-01-14 16:00:00.000000 UTC,Outside,110004
2024-01-14 17:00:00.000000 UTC,Inside,33959
2024-01-14 17:00:00.000000 UTC,Outside,104322
2024-01-14 18:00:00.000000 UTC,Inside,30022
2024-01-14 18:00:00.000000 UTC,Outside,89723
2024-01-14 19:00:00.000000 UTC,Inside,22674
2024-01-14 19:00:00.000000 UTC,Outside,67679
2024-01-14 20:00:00.000000 UTC,Inside,18378
2024-01-14 20:00:00.000000 UTC,Outside,51798
2024-01-14 21:00:00.000000 UTC,Inside,16688
2024-01-14 21:00:00.000000 UTC,Outside,44638
2024-01-14 22:00:00.000000 UTC,Inside,15289
2024-01-14 22:00:00.000000 UTC,Outside,37345
2024-01-14 23:00:00.000000 UTC,Inside,9778
2024-01-14 23:00:00.000000 UTC,Outside,26690
2024-01-15 00:00:00.000000 UTC,Inside,5146
2024-01-15 00:00:00.000000 UTC,Outside,13068
2024-01-15 01:00:00.000000 UTC,Inside,2003
2024-01-15 01:00:00.000000 UTC,Outside,5783
2024-01-15 02:00:00.000000 UTC,Inside,1172
2024-01-15 02:00:00.000000 UTC,Outside,3930
2024-01-15 03:00:00.000000 UTC,Inside,744
2024-01-15 03:00:00.000000 UTC,Outside,4453
2024-01-15 04:00:00.000000 UTC,Inside,1017
2024-01-15 04:00:00.000000 UTC,Outside,11641
2024-01-15 05:00:00.000000 UTC,Inside,3382
2024-01-15 05:00:00.000000 UTC,Outside,38288
2024-01-15 06:00:00.000000 UTC,Inside,7751
2024-01-15 06:00:00.000000 UTC,Outside,66093
2024-01-15 07:00:00.000000 UTC,Inside,10952
2024-01-15 07:00:00.000000 UTC,Outside,89175
2024-01-15 08:00:00.000000 UTC,Inside,15022
2024-01-15 08:00:00.000000 UTC,Outside,105749
2024-01-15 09:00:00.000000 UTC,Inside,16153
2024-01-15 09:00:00.000000 UTC,Outside,91805
2024-01-15 10:00:00.000000 UTC,Inside,17931
2024-01-15 10:00:00.000000 UTC,Outside,89101
2024-01-15 11:00:00.000000 UTC,Inside,21971
2024-01-15 11:00:00.000000 UTC,Outside,96963
2024-01-15 12:00:00.000000 UTC,Inside,26093
2024-01-15 12:00:00.000000 UTC,Outside,107548
2024-01-15 13:00:00.000000 UTC,Inside,29990
2024-01-15 13:00:00.000000 UTC,Outside,118865
2024-01-15 14:00:00.000000 UTC,Inside,33847
2024-01-15 14:00:00.000000 UTC,Outside,128720
2024-01-15 15:00:00.000000 UTC,Inside,39407
2024-01-15 15:00:00.000000 UTC,Outside,145613
2024-01-15 16:00:00.000000 UTC,Inside,40670
2024-01-15 16:00:00.000000 UTC,Outside,144733
2024-01-15 17:00:00.000000 UTC,Inside,43338
2024-01-15 17:00:00.000000 UTC,Outside,147221
2024-01-15 18:00:00.000000 UTC,Inside,35659
2024-01-15 18:00:00.000000 UTC,Outside,114165
2024-01-15 19:00:00.000000 UTC,Inside,25143
2024-01-15 19:00:00.000000 UTC,Outside,78355
2024-01-15 20:00:00.000000 UTC,Inside,18533
2024-01-15 20:00:00.000000 UTC,Outside,58824
2024-01-15 21:00:00.000000 UTC,Inside,15350
2024-01-15 21:00:00.000000 UTC,Outside,46472
2024-01-15 22:00:00.000000 UTC,Inside,15898
2024-01-15 22:00:00.000000 UTC,Outside,36398
2024-01-15 23:00:00.000000 UTC,Inside,7676
2024-01-15 23:00:00.000000 UTC,Outside,22545
2024-01-16 00:00:00.000000 UTC,Inside,3614
2024-01-16 00:00:00.000000 UTC,Outside,10602
2024-01-16 01:00:00.000000 UTC,Inside,1529
2024-01-16 01:00:00.000000 UTC,Outside,4845
2024-01-16 02:00:00.000000 UTC,Inside,842
2024-01-16 02:00:00.000000 UTC,Outside,3670
2024-01-16 03:00:00.000000 UTC,Inside,605
2024-01-16 03:00:00.000000 UTC,Outside,5119
2024-01-16 04:00:00.000000 UTC,Inside,1133
2024-01-16 04:00:00.000000 UTC,Outside,15397
2024-01-16 05:00:00.000000 UTC,Inside,5321
2024-01-16 05:00:00.000000 UTC,Outside,54681
2024-01-16 06:00:00.000000 UTC,Inside,16728
2024-01-16 06:00:00.000000 UTC,Outside,122391
2024-01-16 07:00:00.000000 UTC,Inside,36211
2024-01-16 07:00:00.000000 UTC,Outside,244150
2024-01-16 08:00:00.000000 UTC,Inside,59080
2024-01-16 08:00:00.000000 UTC,Outside,294176
2024-01-16 09:00:00.000000 UTC,Inside,37819
2024-01-16 09:00:00.000000 UTC,Outside,172855
2024-01-16 10:00:00.000000 UTC,Inside,22286
2024-01-16 10:00:00.000000 UTC,Outside,106418
2024-01-16 11:00:00.000000 UTC,Inside,21446
2024-01-16 11:00:00.000000 UTC,Outside,90504
2024-01-16 12:00:00.000000 UTC,Inside,23075
2024-01-16 12:00:00.000000 UTC,Outside,95642
2024-01-16 13:00:00.000000 UTC,Inside,25525
2024-01-16 13:00:00.000000 UTC,Outside,110901
2024-01-16 14:00:00.000000 UTC,Inside,34396
2024-01-16 14:00:00.000000 UTC,Outside,143046
2024-01-16 15:00:00.000000 UTC,Inside,47838
2024-01-16 15:00:00.000000 UTC,Outside,185938
2024-01-16 16:00:00.000000 UTC,Inside,61014
2024-01-16 16:00:00.000000 UTC,Outside,206754
2024-01-16 17:00:00.000000 UTC,Inside,88768
2024-01-16 17:00:00.000000 UTC,Outside,253634
2024-01-16 18:00:00.000000 UTC,Inside,67088
2024-01-16 18:00:00.000000 UTC,Outside,186305
2024-01-16 19:00:00.000000 UTC,Inside,36166
2024-01-16 19:00:00.000000 UTC,Outside,105760
2024-01-16 20:00:00.000000 UTC,Inside,23498
2024-01-16 20:00:00.000000 UTC,Outside,73588
2024-01-16 21:00:00.000000 UTC,Inside,23911
2024-01-16 21:00:00.000000 UTC,Outside,60990
2024-01-16 22:00:00.000000 UTC,Inside,15325
2024-01-16 22:00:00.000000 UTC,Outside,43571
2024-01-16 23:00:00.000000 UTC,Inside,8706
2024-01-16 23:00:00.000000 UTC,Outside,26479
2024-01-17 00:00:00.000000 UTC,Inside,5005
2024-01-17 00:00:00.000000 UTC,Outside,12857
2024-01-17 01:00:00.000000 UTC,Inside,1507
2024-01-17 01:00:00.000000 UTC,Outside,4833
2024-01-17 02:00:00.000000 UTC,Inside,816
2024-01-17 02:00:00.000000 UTC,Outside,3500
2024-01-17 03:00:00.000000 UTC,Inside,648
2024-01-17 03:00:00.000000 UTC,Outside,4939
2024-01-17 04:00:00.000000 UTC,Inside,1185
2024-01-17 04:00:00.000000 UTC,Outside,15549
2024-01-17 05:00:00.000000 UTC,Inside,5980
2024-01-17 05:00:00.000000 UTC,Outside,55721
2024-01-17 06:00:00.000000 UTC,Inside,18403
2024-01-17 06:00:00.000000 UTC,Outside,127297
2024-01-17 07:00:00.000000 UTC,Inside,41728
2024-01-17 07:00:00.000000 UTC,Outside,266187
2024-01-17 08:00:00.000000 UTC,Inside,69515
2024-01-17 08:00:00.000000 UTC,Outside,329833
2024-01-17 09:00:00.000000 UTC,Inside,45051
2024-01-17 09:00:00.000000 UTC,Outside,191944
2024-01-17 10:00:00.000000 UTC,Inside,26057
2024-01-17 10:00:00.000000 UTC,Outside,116506
2024-01-17 11:00:00.000000 UTC,Inside,23492
2024-01-17 11:00:00.000000 UTC,Outside,101300
2024-01-17 12:00:00.000000 UTC,Inside,26034
2024-01-17 12:00:00.000000 UTC,Outside,107975
2024-01-17 13:00:00.000000 UTC,Inside,29443
2024-01-17 13:00:00.000000 UTC,Outside,123530
2024-01-17 14:00:00.000000 UTC,Inside,38556
2024-01-17 14:00:00.000000 UTC,Outside,157474
2024-01-17 15:00:00.000000 UTC,Inside,52568
2024-01-17 15:00:00.000000 UTC,Outside,196436
2024-01-17 16:00:00.000000 UTC,Inside,71489
2024-01-17 16:00:00.000000 UTC,Outside,229348
2024-01-17 17:00:00.000000 UTC,Inside,107829
2024-01-17 17:00:00.000000 UTC,Outside,291037
2024-01-17 18:00:00.000000 UTC,Inside,78968
2024-01-17 18:00:00.000000 UTC,Outside,210253
2024-01-17 19:00:00.000000 UTC,Inside,43372
2024-01-17 19:00:00.000000 UTC,Outside,121401
2024-01-17 20:00:00.000000 UTC,Inside,28098
2024-01-17 20:00:00.000000 UTC,Outside,82540
2024-01-17 21:00:00.000000 UTC,Inside,23332
2024-01-17 21:00:00.000000 UTC,Outside,62225
2024-01-17 22:00:00.000000 UTC,Inside,20719
2024-01-17 22:00:00.000000 UTC,Outside,50514
2024-01-17 23:00:00.000000 UTC,Inside,9662
2024-01-17 23:00:00.000000 UTC,Outside,28259
2024-01-18 00:00:00.000000 UTC,Inside,5361
2024-01-18 00:00:00.000000 UTC,Outside,13500
2024-01-18 01:00:00.000000 UTC,Inside,1823
2024-01-18 01:00:00.000000 UTC,Outside,5063
2024-01-18 02:00:00.000000 UTC,Inside,884
2024-01-18 02:00:00.000000 UTC,Outside,3769
2024-01-18 03:00:00.000000 UTC,Inside,631
2024-01-18 03:00:00.000000 UTC,Outside,4884
2024-01-18 04:00:00.000000 UTC,Inside,1215
2024-01-18 04:00:00.000000 UTC,Outside,15773
2024-01-18 05:00:00.000000 UTC,Inside,6087
2024-01-18 05:00:00.000000 UTC,Outside,55786
2024-01-18 06:00:00.000000 UTC,Inside,17832
2024-01-18 06:00:00.000000 UTC,Outside,126207
2024-01-18 07:00:00.000000 UTC,Inside,41364
2024-01-18 07:00:00.000000 UTC,Outside,263492
2024-01-18 08:00:00.000000 UTC,Inside,66306
2024-01-18 08:00:00.000000 UTC,Outside,320342
2024-01-18 09:00:00.000000 UTC,Inside,44345
2024-01-18 09:00:00.000000 UTC,Outside,193466
2024-01-18 10:00:00.000000 UTC,Inside,25885
2024-01-18 10:00:00.000000 UTC,Outside,119321
2024-01-18 11:00:00.000000 UTC,Inside,24613
2024-01-18 11:00:00.000000 UTC,Outside,103884
2024-01-18 12:00:00.000000 UTC,Inside,26786
2024-01-18 12:00:00.000000 UTC,Outside,109719
2024-01-18 13:00:00.000000 UTC,Inside,30078
2024-01-18 13:00:00.000000 UTC,Outside,124289
2024-01-18 14:00:00.000000 UTC,Inside,39127
2024-01-18 14:00:00.000000 UTC,Outside,158398
2024-01-18 15:00:00.000000 UTC,Inside,54009
2024-01-18 15:00:00.000000 UTC,Outside,202886
2024-01-18 16:00:00.000000 UTC,Inside,70939
2024-01-18 16:00:00.000000 UTC,Outside,233837
2024-01-18 17:00:00.000000 UTC,Inside,103939
2024-01-18 17:00:00.000000 UTC,Outside,287892
2024-01-18 18:00:00.000000 UTC,Inside,78784
2024-01-18 18:00:00.000000 UTC,Outside,215338
2024-01-18 19:00:00.000000 UTC,Inside,44649
2024-01-18 19:00:00.000000 UTC,Outside,127944
2024-01-18 20:00:00.000000 UTC,Inside,30846
2024-01-18 20:00:00.000000 UTC,Outside,89423
2024-01-18 21:00:00.000000 UTC,Inside,26984
2024-01-18 21:00:00.000000 UTC,Outside,68505
2024-01-18 22:00:00.000000 UTC,Inside,21781
2024-01-18 22:00:00.000000 UTC,Outside,56246
2024-01-18 23:00:00.000000 UTC,Inside,11286
2024-01-18 23:00:00.000000 UTC,Outside,32891
2024-01-19 00:00:00.000000 UTC,Inside,6469
2024-01-19 00:00:00.000000 UTC,Outside,16048
2024-01-19 01:00:00.000000 UTC,Inside,2249
2024-01-19 01:00:00.000000 UTC,Outside,6441
2024-01-19 02:00:00.000000 UTC,Inside,1219
2024-01-19 02:00:00.000000 UTC,Outside,4284
2024-01-19 03:00:00.000000 UTC,Inside,884
2024-01-19 03:00:00.000000 UTC,Outside,5296
2024-01-19 04:00:00.000000 UTC,Inside,1239
2024-01-19 04:00:00.000000 UTC,Outside,15562
2024-01-19 05:00:00.000000 UTC,Inside,5639
2024-01-19 05:00:00.000000 UTC,Outside,53244
2024-01-19 06:00:00.000000 UTC,Inside,14824
2024-01-19 06:00:00.000000 UTC,Outside,114807
2024-01-19 07:00:00.000000 UTC,Inside,31605
2024-01-19 07:00:00.000000 UTC,Outside,225816
2024-01-19 08:00:00.000000 UTC,Inside,39690
2024-01-19 08:00:00.000000 UTC,Outside,235579
2024-01-19 09:00:00.000000 UTC,Inside,28103
2024-01-19 09:00:00.000000 UTC,Outside,145298
2024-01-19 10:00:00.000000 UTC,Inside,21782
2024-01-19 10:00:00.000000 UTC,Outside,105326
2024-01-19 11:00:00.000000 UTC,Inside,22698
2024-01-19 11:00:00.000000 UTC,Outside,98189
2024-01-19 12:00:00.000000 UTC,Inside,26532
2024-01-19 12:00:00.000000 UTC,Outside,108177
2024-01-19 13:00:00.000000 UTC,Inside,30690
2024-01-19 13:00:00.000000 UTC,Outside,125554
2024-01-19 14:00:00.000000 UTC,Inside,40477
2024-01-19 14:00:00.000000 UTC,Outside,162240
2024-01-19 15:00:00.000000 UTC,Inside,51377
2024-01-19 15:00:00.000000 UTC,Outside,197927
2024-01-19 16:00:00.000000 UTC,Inside,59113
2024-01-19 16:00:00.000000 UTC,Outside,205178
2024-01-19 17:00:00.000000 UTC,Inside,68124
2024-01-19 17:00:00.000000 UTC,Outside,218904
2024-01-19 18:00:00.000000 UTC,Inside,54578
2024-01-19 18:00:00.000000 UTC,Outside,172838
2024-01-19 19:00:00.000000 UTC,Inside,37760
2024-01-19 19:00:00.000000 UTC,Outside,117033
2024-01-19 20:00:00.000000 UTC,Inside,26929
2024-01-19 20:00:00.000000 UTC,Outside,82315
2024-01-19 21:00:00.000000 UTC,Inside,24058
2024-01-19 21:00:00.000000 UTC,Outside,67041
2024-01-19 22:00:00.000000 UTC,Inside,23410
2024-01-19 22:00:00.000000 UTC,Outside,58050
2024-01-19 23:00:00.000000 UTC,Inside,16315
2024-01-19 23:00:00.000000 UTC,Outside,42868
2024-01-20 00:00:00.000000 UTC,Inside,9946
2024-01-20 00:00:00.000000 UTC,Outside,23633
2024-01-20 01:00:00.000000 UTC,Inside,4519
2024-01-20 01:00:00.000000 UTC,Outside,11042
2024-01-20 02:00:00.000000 UTC,Inside,2416
2024-01-20 02:00:00.000000 UTC,Outside,6678
2024-01-20 03:00:00.000000 UTC,Inside,1272
2024-01-20 03:00:00.000000 UTC,Outside,5012
2024-01-20 04:00:00.000000 UTC,Inside,1153
2024-01-20 04:00:00.000000 UTC,Outside,8383
2024-01-20 05:00:00.000000 UTC,Inside,1625
2024-01-20 05:00:00.000000 UTC,Outside,17898
2024-01-20 06:00:00.000000 UTC,Inside,3874
2024-01-20 06:00:00.000000 UTC,Outside,34309
2024-01-20 07:00:00.000000 UTC,Inside,6544
2024-01-20 07:00:00.000000 UTC,Outside,52840
2024-01-20 08:00:00.000000 UTC,Inside,9567
2024-01-20 08:00:00.000000 UTC,Outside,66255
2024-01-20 09:00:00.000000 UTC,Inside,13004
2024-01-20 09:00:00.000000 UTC,Outside,74436
2024-01-20 10:00:00.000000 UTC,Inside,17094
2024-01-20 10:00:00.000000 UTC,Outside,82251
2024-01-20 11:00:00.000000 UTC,Inside,22488
2024-01-20 11:00:00.000000 UTC,Outside,92901
2024-01-20 12:00:00.000000 UTC,Inside,27027
2024-01-20 12:00:00.000000 UTC,Outside,106805
2024-01-20 13:00:00.000000 UTC,Inside,30456
2024-01-20 13:00:00.000000 UTC,Outside,116820
2024-01-20 14:00:00.000000 UTC,Inside,33407
2024-01-20 14:00:00.000000 UTC,Outside,123385
2024-01-20 15:00:00.000000 UTC,Inside,36654
2024-01-20 15:00:00.000000 UTC,Outside,129570
2024-01-20 16:00:00.000000 UTC,Inside,40601
2024-01-20 16:00:00.000000 UTC,Outside,127556
2024-01-20 17:00:00.000000 UTC,Inside,37968
2024-01-20 17:00:00.000000 UTC,Outside,120938
2024-01-20 18:00:00.000000 UTC,Inside,34218
2024-01-20 18:00:00.000000 UTC,Outside,106661
2024-01-20 19:00:00.000000 UTC,Inside,28595
2024-01-20 19:00:00.000000 UTC,Outside,87663
2024-01-20 20:00:00.000000 UTC,Inside,21055
2024-01-20 20:00:00.000000 UTC,Outside,64878
2024-01-20 21:00:00.000000 UTC,Inside,19165
2024-01-20 21:00:00.000000 UTC,Outside,53589
2024-01-20 22:00:00.000000 UTC,Inside,21283
2024-01-20 22:00:00.000000 UTC,Outside,49990
2024-01-20 23:00:00.000000 UTC,Inside,15369
2024-01-20 23:00:00.000000 UTC,Outside,37121
2024-01-21 00:00:00.000000 UTC,Inside,8919
2024-01-21 00:00:00.000000 UTC,Outside,21318
2024-01-21 01:00:00.000000 UTC,Inside,4693
2024-01-21 01:00:00.000000 UTC,Outside,10394
2024-01-21 02:00:00.000000 UTC,Inside,2376
2024-01-21 02:00:00.000000 UTC,Outside,6301
2024-01-21 03:00:00.000000 UTC,Inside,1417
2024-01-21 03:00:00.000000 UTC,Outside,4728
2024-01-21 04:00:00.000000 UTC,Inside,1206
2024-01-21 04:00:00.000000 UTC,Outside,6876
2024-01-21 05:00:00.000000 UTC,Inside,1208
2024-01-21 05:00:00.000000 UTC,Outside,13117
2024-01-21 06:00:00.000000 UTC,Inside,2861
2024-01-21 06:00:00.000000 UTC,Outside,24483
2024-01-21 07:00:00.000000 UTC,Inside,4643
2024-01-21 07:00:00.000000 UTC,Outside,35430
2024-01-21 08:00:00.000000 UTC,Inside,6831
2024-01-21 08:00:00.000000 UTC,Outside,45604
2024-01-21 09:00:00.000000 UTC,Inside,10683
2024-01-21 09:00:00.000000 UTC,Outside,58142
2024-01-21 10:00:00.000000 UTC,Inside,14868
2024-01-21 10:00:00.000000 UTC,Outside,70294
2024-01-21 11:00:00.000000 UTC,Inside,19460
2024-01-21 11:00:00.000000 UTC,Outside,79166
2024-01-21 12:00:00.000000 UTC,Inside,22699
2024-01-21 12:00:00.000000 UTC,Outside,89478
2024-01-21 13:00:00.000000 UTC,Inside,25920
2024-01-21 13:00:00.000000 UTC,Outside,99951
2024-01-21 14:00:00.000000 UTC,Inside,28462
2024-01-21 14:00:00.000000 UTC,Outside,105044
2024-01-21 15:00:00.000000 UTC,Inside,29944
2024-01-21 15:00:00.000000 UTC,Outside,103719
2024-01-21 16:00:00.000000 UTC,Inside,31347
2024-01-21 16:00:00.000000 UTC,Outside,100578
2024-01-21 17:00:00.000000 UTC,Inside,31936
2024-01-21 17:00:00.000000 UTC,Outside,95414
2024-01-21 18:00:00.000000 UTC,Inside,27338
2024-01-21 18:00:00.000000 UTC,Outside,81535
2024-01-21 19:00:00.000000 UTC,Inside,19382
2024-01-21 19:00:00.000000 UTC,Outside,58728
2024-01-21 20:00:00.000000 UTC,Inside,15237
2024-01-21 20:00:00.000000 UTC,Outside,45307
2024-01-21 21:00:00.000000 UTC,Inside,14145
2024-01-21 21:00:00.000000 UTC,Outside,40695
2024-01-21 22:00:00.000000 UTC,Inside,10681
2024-01-21 22:00:00.000000 UTC,Outside,32206
2024-01-21 23:00:00.000000 UTC,Inside,6402
2024-01-21 23:00:00.000000 UTC,Outside,19696
2024-01-22 00:00:00.000000 UTC,Inside,3161
2024-01-22 00:00:00.000000 UTC,Outside,9340
2024-01-22 01:00:00.000000 UTC,Inside,1282
2024-01-22 01:00:00.000000 UTC,Outside,3979
2024-01-22 02:00:00.000000 UTC,Inside,743
2024-01-22 02:00:00.000000 UTC,Outside,3055
2024-01-22 03:00:00.000000 UTC,Inside,551
2024-01-22 03:00:00.000000 UTC,Outside,4612
2024-01-22 04:00:00.000000 UTC,Inside,1103
2024-01-22 04:00:00.000000 UTC,Outside,15258
2024-01-22 05:00:00.000000 UTC,Inside,5929
2024-01-22 05:00:00.000000 UTC,Outside,54941
2024-01-22 06:00:00.000000 UTC,Inside,17448
2024-01-22 06:00:00.000000 UTC,Outside,123132
2024-01-22 07:00:00.000000 UTC,Inside,37913
2024-01-22 07:00:00.000000 UTC,Outside,248473
2024-01-22 08:00:00.000000 UTC,Inside,57907
2024-01-22 08:00:00.000000 UTC,Outside,289685
2024-01-22 09:00:00.000000 UTC,Inside,37132
2024-01-22 09:00:00.000000 UTC,Outside,169674
2024-01-22 10:00:00.000000 UTC,Inside,23777
2024-01-22 10:00:00.000000 UTC,Outside,111294
2024-01-22 11:00:00.000000 UTC,Inside,21913
2024-01-22 11:00:00.000000 UTC,Outside,97818
2024-01-22 12:00:00.000000 UTC,Inside,24693
2024-01-22 12:00:00.000000 UTC,Outside,104094
2024-01-22 13:00:00.000000 UTC,Inside,28618
2024-01-22 13:00:00.000000 UTC,Outside,118950
2024-01-22 14:00:00.000000 UTC,Inside,36458
2024-01-22 14:00:00.000000 UTC,Outside,150828
2024-01-22 15:00:00.000000 UTC,Inside,50200
2024-01-22 15:00:00.000000 UTC,Outside,194303
2024-01-22 16:00:00.000000 UTC,Inside,64042
2024-01-22 16:00:00.000000 UTC,Outside,221070
2024-01-22 17:00:00.000000 UTC,Inside,88731
2024-01-22 17:00:00.000000 UTC,Outside,260705
2024-01-22 18:00:00.000000 UTC,Inside,64384
2024-01-22 18:00:00.000000 UTC,Outside,186688
2024-01-22 19:00:00.000000 UTC,Inside,36694
2024-01-22 19:00:00.000000 UTC,Outside,111410
2024-01-22 20:00:00.000000 UTC,Inside,24070
2024-01-22 20:00:00.000000 UTC,Outside,78378
2024-01-22 21:00:00.000000 UTC,Inside,18174
2024-01-22 21:00:00.000000 UTC,Outside,56915
2024-01-22 22:00:00.000000 UTC,Inside,12645
2024-01-22 22:00:00.000000 UTC,Outside,41438
2024-01-22 23:00:00.000000 UTC,Inside,7736
2024-01-22 23:00:00.000000 UTC,Outside,25008
2024-01-23 00:00:00.000000 UTC,Inside,5844
2024-01-23 00:00:00.000000 UTC,Outside,14733
2024-01-23 01:00:00.000000 UTC,Inside,1543
2024-01-23 01:00:00.000000 UTC,Outside,4779
2024-01-23 02:00:00.000000 UTC,Inside,715
2024-01-23 02:00:00.000000 UTC,Outside,3656
2024-01-23 03:00:00.000000 UTC,Inside,585
2024-01-23 03:00:00.000000 UTC,Outside,4958
2024-01-23 04:00:00.000000 UTC,Inside,1126
2024-01-23 04:00:00.000000 UTC,Outside,16210
2024-01-23 05:00:00.000000 UTC,Inside,6168
2024-01-23 05:00:00.000000 UTC,Outside,58211
2024-01-23 06:00:00.000000 UTC,Inside,18556
2024-01-23 06:00:00.000000 UTC,Outside,127275
2024-01-23 07:00:00.000000 UTC,Inside,40134
2024-01-23 07:00:00.000000 UTC,Outside,247719
2024-01-23 08:00:00.000000 UTC,Inside,69100
2024-01-23 08:00:00.000000 UTC,Outside,321530
2024-01-23 09:00:00.000000 UTC,Inside,45507
2024-01-23 09:00:00.000000 UTC,Outside,193417
2024-01-23 10:00:00.000000 UTC,Inside,27146
2024-01-23 10:00:00.000000 UTC,Outside,123762
2024-01-23 11:00:00.000000 UTC,Inside,25478
2024-01-23 11:00:00.000000 UTC,Outside,111359
2024-01-23 12:00:00.000000 UTC,Inside,27995
2024-01-23 12:00:00.000000 UTC,Outside,116723
2024-01-23 13:00:00.000000 UTC,Inside,30885
2024-01-23 13:00:00.000000 UTC,Outside,126202
2024-01-23 14:00:00.000000 UTC,Inside,36778
2024-01-23 14:00:00.000000 UTC,Outside,149668
2024-01-23 15:00:00.000000 UTC,Inside,51512
2024-01-23 15:00:00.000000 UTC,Outside,194158
2024-01-23 16:00:00.000000 UTC,Inside,71347
2024-01-23 16:00:00.000000 UTC,Outside,232328
2024-01-23 17:00:00.000000 UTC,Inside,106912
2024-01-23 17:00:00.000000 UTC,Outside,294051
2024-01-23 18:00:00.000000 UTC,Inside,79236
2024-01-23 18:00:00.000000 UTC,Outside,215752
2024-01-23 19:00:00.000000 UTC,Inside,43056
2024-01-23 19:00:00.000000 UTC,Outside,125148
2024-01-23 20:00:00.000000 UTC,Inside,29221
2024-01-23 20:00:00.000000 UTC,Outside,88513
2024-01-23 21:00:00.000000 UTC,Inside,27567
2024-01-23 21:00:00.000000 UTC,Outside,67669
2024-01-23 22:00:00.000000 UTC,Inside,20692
2024-01-23 22:00:00.000000 UTC,Outside,51698
2024-01-23 23:00:00.000000 UTC,Inside,9963
2024-01-23 23:00:00.000000 UTC,Outside,30678
2024-01-24 00:00:00.000000 UTC,Inside,6586
2024-01-24 00:00:00.000000 UTC,Outside,16628
2024-01-24 01:00:00.000000 UTC,Inside,1860
2024-01-24 01:00:00.000000 UTC,Outside,5642
2024-01-24 02:00:00.000000 UTC,Inside,929
2024-01-24 02:00:00.000000 UTC,Outside,4007
2024-01-24 03:00:00.000000 UTC,Inside,717
2024-01-24 03:00:00.000000 UTC,Outside,5186
2024-01-24 04:00:00.000000 UTC,Inside,1187
2024-01-24 04:00:00.000000 UTC,Outside,16063
2024-01-24 05:00:00.000000 UTC,Inside,6183
2024-01-24 05:00:00.000000 UTC,Outside,58250
2024-01-24 06:00:00.000000 UTC,Inside,18224
2024-01-24 06:00:00.000000 UTC,Outside,126296
2024-01-24 07:00:00.000000 UTC,Inside,39695
2024-01-24 07:00:00.000000 UTC,Outside,242302
2024-01-24 08:00:00.000000 UTC,Inside,68450
2024-01-24 08:00:00.000000 UTC,Outside,318175
2024-01-24 09:00:00.000000 UTC,Inside,45017
2024-01-24 09:00:00.000000 UTC,Outside,194010
2024-01-24 10:00:00.000000 UTC,Inside,27073
2024-01-24 10:00:00.000000 UTC,Outside,124357
2024-01-24 11:00:00.000000 UTC,Inside,25389
2024-01-24 11:00:00.000000 UTC,Outside,111971
2024-01-24 12:00:00.000000 UTC,Inside,27978
2024-01-24 12:00:00.000000 UTC,Outside,121532
2024-01-24 13:00:00.000000 UTC,Inside,31043
2024-01-24 13:00:00.000000 UTC,Outside,128871
2024-01-24 14:00:00.000000 UTC,Inside,38834
2024-01-24 14:00:00.000000 UTC,Outside,156089
2024-01-24 15:00:00.000000 UTC,Inside,52035
2024-01-24 15:00:00.000000 UTC,Outside,192203
2024-01-24 16:00:00.000000 UTC,Inside,72574
2024-01-24 16:00:00.000000 UTC,Outside,232467
2024-01-24 17:00:00.000000 UTC,Inside,106693
2024-01-24 17:00:00.000000 UTC,Outside,290264
2024-01-24 18:00:00.000000 UTC,Inside,79807
2024-01-24 18:00:00.000000 UTC,Outside,214287
2024-01-24 19:00:00.000000 UTC,Inside,44040
2024-01-24 19:00:00.000000 UTC,Outside,128100
2024-01-24 20:00:00.000000 UTC,Inside,30005
2024-01-24 20:00:00.000000 UTC,Outside,89480
2024-01-24 21:00:00.000000 UTC,Inside,24860
2024-01-24 21:00:00.000000 UTC,Outside,68899
2024-01-24 22:00:00.000000 UTC,Inside,20379
2024-01-24 22:00:00.000000 UTC,Outside,54232
2024-01-24 23:00:00.000000 UTC,Inside,10540
2024-01-24 23:00:00.000000 UTC,Outside,31970
2024-01-25 00:00:00.000000 UTC,Inside,6036
2024-01-25 00:00:00.000000 UTC,Outside,15092
2024-01-25 01:00:00.000000 UTC,Inside,1937
2024-01-25 01:00:00.000000 UTC,Outside,5701
2024-01-25 02:00:00.000000 UTC,Inside,972
2024-01-25 02:00:00.000000 UTC,Outside,3900
2024-01-25 03:00:00.000000 UTC,Inside,757
2024-01-25 03:00:00.000000 UTC,Outside,5250
2024-01-25 04:00:00.000000 UTC,Inside,1295
2024-01-25 04:00:00.000000 UTC,Outside,15991
2024-01-25 05:00:00.000000 UTC,Inside,6211
2024-01-25 05:00:00.000000 UTC,Outside,56244
2024-01-25 06:00:00.000000 UTC,Inside,17953
2024-01-25 06:00:00.000000 UTC,Outside,122885
2024-01-25 07:00:00.000000 UTC,Inside,38479
2024-01-25 07:00:00.000000 UTC,Outside,239564
2024-01-25 08:00:00.000000 UTC,Inside,65582
2024-01-25 08:00:00.000000 UTC,Outside,311313
2024-01-25 09:00:00.000000 UTC,Inside,45756
2024-01-25 09:00:00.000000 UTC,Outside,196701
2024-01-25 10:00:00.000000 UTC,Inside,28161
2024-01-25 10:00:00.000000 UTC,Outside,126453
2024-01-25 11:00:00.000000 UTC,Inside,25771
2024-01-25 11:00:00.000000 UTC,Outside,111706
2024-01-25 12:00:00.000000 UTC,Inside,28201
2024-01-25 12:00:00.000000 UTC,Outside,118571
2024-01-25 13:00:00.000000 UTC,Inside,31358
2024-01-25 13:00:00.000000 UTC,Outside,131455
2024-01-25 14:00:00.000000 UTC,Inside,38124
2024-01-25 14:00:00.000000 UTC,Outside,156221
2024-01-25 15:00:00.000000 UTC,Inside,52165
2024-01-25 15:00:00.000000 UTC,Outside,196799
2024-01-25 16:00:00.000000 UTC,Inside,70157
2024-01-25 16:00:00.000000 UTC,Outside,233120
2024-01-25 17:00:00.000000 UTC,Inside,101628
2024-01-25 17:00:00.000000 UTC,Outside,287913
2024-01-25 18:00:00.000000 UTC,Inside,77712
2024-01-25 18:00:00.000000 UTC,Outside,217143
2024-01-25 19:00:00.000000 UTC,Inside,45648
2024-01-25 19:00:00.000000 UTC,Outside,131276
2024-01-25 20:00:00.000000 UTC,Inside,32193
2024-01-25 20:00:00.000000 UTC,Outside,96209
2024-01-25 21:00:00.000000 UTC,Inside,29922
2024-01-25 21:00:00.000000 UTC,Outside,76061
2024-01-25 22:00:00.000000 UTC,Inside,25420
2024-01-25 22:00:00.000000 UTC,Outside,60981
2024-01-25 23:00:00.000000 UTC,Inside,12316
2024-01-25 23:00:00.000000 UTC,Outside,35131
2024-01-26 00:00:00.000000 UTC,Inside,6813
2024-01-26 00:00:00.000000 UTC,Outside,17683
2024-01-26 01:00:00.000000 UTC,Inside,2457
2024-01-26 01:00:00.000000 UTC,Outside,7202
2024-01-26 02:00:00.000000 UTC,Inside,1313
2024-01-26 02:00:00.000000 UTC,Outside,4721
2024-01-26 03:00:00.000000 UTC,Inside,818
2024-01-26 03:00:00.000000 UTC,Outside,5466
2024-01-26 04:00:00.000000 UTC,Inside,1385
2024-01-26 04:00:00.000000 UTC,Outside,15850
2024-01-26 05:00:00.000000 UTC,Inside,5702
2024-01-26 05:00:00.000000 UTC,Outside,54696
2024-01-26 06:00:00.000000 UTC,Inside,15355
2024-01-26 06:00:00.000000 UTC,Outside,113772
2024-01-26 07:00:00.000000 UTC,Inside,30464
2024-01-26 07:00:00.000000 UTC,Outside,204843
2024-01-26 08:00:00.000000 UTC,Inside,41860
2024-01-26 08:00:00.000000 UTC,Outside,230193
2024-01-26 09:00:00.000000 UTC,Inside,30869
2024-01-26 09:00:00.000000 UTC,Outside,154248
2024-01-26 10:00:00.000000 UTC,Inside,24735
2024-01-26 10:00:00.000000 UTC,Outside,118777
2024-01-26 11:00:00.000000 UTC,Inside,25174
2024-01-26 11:00:00.000000 UTC,Outside,112248
2024-01-26 12:00:00.000000 UTC,Inside,29583
2024-01-26 12:00:00.000000 UTC,Outside,122150
2024-01-26 13:00:00.000000 UTC,Inside,33690
2024-01-26 13:00:00.000000 UTC,Outside,138842
2024-01-26 14:00:00.000000 UTC,Inside,42190
2024-01-26 14:00:00.000000 UTC,Outside,168211
2024-01-26 15:00:00.000000 UTC,Inside,52500
2024-01-26 15:00:00.000000 UTC,Outside,201120
2024-01-26 16:00:00.000000 UTC,Inside,63400
2024-01-26 16:00:00.000000 UTC,Outside,220034
2024-01-26 17:00:00.000000 UTC,Inside,75050
2024-01-26 17:00:00.000000 UTC,Outside,241616
2024-01-26 18:00:00.000000 UTC,Inside,59617
2024-01-26 18:00:00.000000 UTC,Outside,188880
2024-01-26 19:00:00.000000 UTC,Inside,41581
2024-01-26 19:00:00.000000 UTC,Outside,132014
2024-01-26 20:00:00.000000 UTC,Inside,30640
2024-01-26 20:00:00.000000 UTC,Outside,94704
2024-01-26 21:00:00.000000 UTC,Inside,28671
2024-01-26 21:00:00.000000 UTC,Outside,77375
2024-01-26 22:00:00.000000 UTC,Inside,26900
2024-01-26 22:00:00.000000 UTC,Outside,71265
2024-01-26 23:00:00.000000 UTC,Inside,18493
2024-01-26 23:00:00.000000 UTC,Outside,49552
2024-01-27 00:00:00.000000 UTC,Inside,11838
2024-01-27 00:00:00.000000 UTC,Outside,28379
2024-01-27 01:00:00.000000 UTC,Inside,5516
2024-01-27 01:00:00.000000 UTC,Outside,13843
2024-01-27 02:00:00.000000 UTC,Inside,2902
2024-01-27 02:00:00.000000 UTC,Outside,8238
2024-01-27 03:00:00.000000 UTC,Inside,1626
2024-01-27 03:00:00.000000 UTC,Outside,6396
2024-01-27 04:00:00.000000 UTC,Inside,1429
2024-01-27 04:00:00.000000 UTC,Outside,9383
2024-01-27 05:00:00.000000 UTC,Inside,1937
2024-01-27 05:00:00.000000 UTC,Outside,19516
2024-01-27 06:00:00.000000 UTC,Inside,4078
2024-01-27 06:00:00.000000 UTC,Outside,37123
2024-01-27 07:00:00.000000 UTC,Inside,6948
2024-01-27 07:00:00.000000 UTC,Outside,56917
2024-01-27 08:00:00.000000 UTC,Inside,10353
2024-01-27 08:00:00.000000 UTC,Outside,72624
2024-01-27 09:00:00.000000 UTC,Inside,14349
2024-01-27 09:00:00.000000 UTC,Outside,82810
2024-01-27 10:00:00.000000 UTC,Inside,19068
2024-01-27 10:00:00.000000 UTC,Outside,91604
2024-01-27 11:00:00.000000 UTC,Inside,24424
2024-01-27 11:00:00.000000 UTC,Outside,105119
2024-01-27 12:00:00.000000 UTC,Inside,29149
2024-01-27 12:00:00.000000 UTC,Outside,119455
2024-01-27 13:00:00.000000 UTC,Inside,33361
2024-01-27 13:00:00.000000 UTC,Outside,130640
2024-01-27 14:00:00.000000 UTC,Inside,36586
2024-01-27 14:00:00.000000 UTC,Outside,137068
2024-01-27 15:00:00.000000 UTC,Inside,40633
2024-01-27 15:00:00.000000 UTC,Outside,139713
2024-01-27 16:00:00.000000 UTC,Inside,45259
2024-01-27 16:00:00.000000 UTC,Outside,141182
2024-01-27 17:00:00.000000 UTC,Inside,44033
2024-01-27 17:00:00.000000 UTC,Outside,139659
2024-01-27 18:00:00.000000 UTC,Inside,38902
2024-01-27 18:00:00.000000 UTC,Outside,123405
2024-01-27 19:00:00.000000 UTC,Inside,32232
2024-01-27 19:00:00.000000 UTC,Outside,101343
2024-01-27 20:00:00.000000 UTC,Inside,27971
2024-01-27 20:00:00.000000 UTC,Outside,76409
2024-01-27 21:00:00.000000 UTC,Inside,24903
2024-01-27 21:00:00.000000 UTC,Outside,67220
2024-01-27 22:00:00.000000 UTC,Inside,23875
2024-01-27 22:00:00.000000 UTC,Outside,60307
2024-01-27 23:00:00.000000 UTC,Inside,17235
2024-01-27 23:00:00.000000 UTC,Outside,45170
2024-01-28 00:00:00.000000 UTC,Inside,11176
2024-01-28 00:00:00.000000 UTC,Outside,27567
2024-01-28 01:00:00.000000 UTC,Inside,5989
2024-01-28 01:00:00.000000 UTC,Outside,14144
2024-01-28 02:00:00.000000 UTC,Inside,3186
2024-01-28 02:00:00.000000 UTC,Outside,7862
2024-01-28 03:00:00.000000 UTC,Inside,1564
2024-01-28 03:00:00.000000 UTC,Outside,5514
2024-01-28 04:00:00.000000 UTC,Inside,1352
2024-01-28 04:00:00.000000 UTC,Outside,7369
2024-01-28 05:00:00.000000 UTC,Inside,1338
2024-01-28 05:00:00.000000 UTC,Outside,13621
2024-01-28 06:00:00.000000 UTC,Inside,3025
2024-01-28 06:00:00.000000 UTC,Outside,24914
2024-01-28 07:00:00.000000 UTC,Inside,4778
2024-01-28 07:00:00.000000 UTC,Outside,35859
2024-01-28 08:00:00.000000 UTC,Inside,6458
2024-01-28 08:00:00.000000 UTC,Outside,45741
2024-01-28 09:00:00.000000 UTC,Inside,9974
2024-01-28 09:00:00.000000 UTC,Outside,57347
2024-01-28 10:00:00.000000 UTC,Inside,13833
2024-01-28 10:00:00.000000 UTC,Outside,69131
2024-01-28 11:00:00.000000 UTC,Inside,18453
2024-01-28 11:00:00.000000 UTC,Outside,78623
2024-01-28 12:00:00.000000 UTC,Inside,22729
2024-01-28 12:00:00.000000 UTC,Outside,89481
2024-01-28 13:00:00.000000 UTC,Inside,25729
2024-01-28 13:00:00.000000 UTC,Outside,98691
2024-01-28 14:00:00.000000 UTC,Inside,27801
2024-01-28 14:00:00.000000 UTC,Outside,102511
2024-01-28 15:00:00.000000 UTC,Inside,28507
2024-01-28 15:00:00.000000 UTC,Outside,97252
2024-01-28 16:00:00.000000 UTC,Inside,28686
2024-01-28 16:00:00.000000 UTC,Outside,93887
2024-01-28 17:00:00.000000 UTC,Inside,28789
2024-01-28 17:00:00.000000 UTC,Outside,88341
2024-01-28 18:00:00.000000 UTC,Inside,26311
2024-01-28 18:00:00.000000 UTC,Outside,78655
2024-01-28 19:00:00.000000 UTC,Inside,18170
2024-01-28 19:00:00.000000 UTC,Outside,57497
2024-01-28 20:00:00.000000 UTC,Inside,15226
2024-01-28 20:00:00.000000 UTC,Outside,46151
2024-01-28 21:00:00.000000 UTC,Inside,14176
2024-01-28 21:00:00.000000 UTC,Outside,42075
2024-01-28 22:00:00.000000 UTC,Inside,11794
2024-01-28 22:00:00.000000 UTC,Outside,34778
2024-01-28 23:00:00.000000 UTC,Inside,6664
2024-01-28 23:00:00.000000 UTC,Outside,20269
2024-01-29 00:00:00.000000 UTC,Inside,3495
2024-01-29 00:00:00.000000 UTC,Outside,9923
2024-01-29 01:00:00.000000 UTC,Inside,1229
2024-01-29 01:00:00.000000 UTC,Outside,4257
2024-01-29 02:00:00.000000 UTC,Inside,774
2024-01-29 02:00:00.000000 UTC,Outside,3357
2024-01-29 03:00:00.000000 UTC,Inside,586
2024-01-29 03:00:00.000000 UTC,Outside,4946
2024-01-29 04:00:00.000000 UTC,Inside,1146
2024-01-29 04:00:00.000000 UTC,Outside,16019
2024-01-29 05:00:00.000000 UTC,Inside,5886
2024-01-29 05:00:00.000000 UTC,Outside,56205
2024-01-29 06:00:00.000000 UTC,Inside,17286
2024-01-29 06:00:00.000000 UTC,Outside,120136
2024-01-29 07:00:00.000000 UTC,Inside,35367
2024-01-29 07:00:00.000000 UTC,Outside,222892
2024-01-29 08:00:00.000000 UTC,Inside,55814
2024-01-29 08:00:00.000000 UTC,Outside,275211
2024-01-29 09:00:00.000000 UTC,Inside,37235
2024-01-29 09:00:00.000000 UTC,Outside,171680
2024-01-29 10:00:00.000000 UTC,Inside,24670
2024-01-29 10:00:00.000000 UTC,Outside,117667
2024-01-29 11:00:00.000000 UTC,Inside,23710
2024-01-29 11:00:00.000000 UTC,Outside,104635
2024-01-29 12:00:00.000000 UTC,Inside,26180
2024-01-29 12:00:00.000000 UTC,Outside,111528
2024-01-29 13:00:00.000000 UTC,Inside,29263
2024-01-29 13:00:00.000000 UTC,Outside,126691
2024-01-29 14:00:00.000000 UTC,Inside,36235
2024-01-29 14:00:00.000000 UTC,Outside,147243
2024-01-29 15:00:00.000000 UTC,Inside,48274
2024-01-29 15:00:00.000000 UTC,Outside,186418
2024-01-29 16:00:00.000000 UTC,Inside,63610
2024-01-29 16:00:00.000000 UTC,Outside,219171
2024-01-29 17:00:00.000000 UTC,Inside,87862
2024-01-29 17:00:00.000000 UTC,Outside,260522
2024-01-29 18:00:00.000000 UTC,Inside,65154
2024-01-29 18:00:00.000000 UTC,Outside,191150
2024-01-29 19:00:00.000000 UTC,Inside,38429
2024-01-29 19:00:00.000000 UTC,Outside,116849
2024-01-29 20:00:00.000000 UTC,Inside,25293
2024-01-29 20:00:00.000000 UTC,Outside,83010
2024-01-29 21:00:00.000000 UTC,Inside,20841
2024-01-29 21:00:00.000000 UTC,Outside,59327
2024-01-29 22:00:00.000000 UTC,Inside,14812
2024-01-29 22:00:00.000000 UTC,Outside,43819
2024-01-29 23:00:00.000000 UTC,Inside,8066
2024-01-29 23:00:00.000000 UTC,Outside,25600
2024-01-30 00:00:00.000000 UTC,Inside,5956
2024-01-30 00:00:00.000000 UTC,Outside,15409
2024-01-30 01:00:00.000000 UTC,Inside,1564
2024-01-30 01:00:00.000000 UTC,Outside,5013
2024-01-30 02:00:00.000000 UTC,Inside,845
2024-01-30 02:00:00.000000 UTC,Outside,3756
2024-01-30 03:00:00.000000 UTC,Inside,668
2024-01-30 03:00:00.000000 UTC,Outside,5204
2024-01-30 04:00:00.000000 UTC,Inside,1225
2024-01-30 04:00:00.000000 UTC,Outside,16564
2024-01-30 05:00:00.000000 UTC,Inside,6200
2024-01-30 05:00:00.000000 UTC,Outside,59096
2024-01-30 06:00:00.000000 UTC,Inside,18724
2024-01-30 06:00:00.000000 UTC,Outside,129479
2024-01-30 07:00:00.000000 UTC,Inside,41542
2024-01-30 07:00:00.000000 UTC,Outside,252049
2024-01-30 08:00:00.000000 UTC,Inside,68898
2024-01-30 08:00:00.000000 UTC,Outside,323010
2024-01-30 09:00:00.000000 UTC,Inside,46441
2024-01-30 09:00:00.000000 UTC,Outside,198705
2024-01-30 10:00:00.000000 UTC,Inside,26935
2024-01-30 10:00:00.000000 UTC,Outside,123528
2024-01-30 11:00:00.000000 UTC,Inside,24903
2024-01-30 11:00:00.000000 UTC,Outside,106272
2024-01-30 12:00:00.000000 UTC,Inside,27416
2024-01-30 12:00:00.000000 UTC,Outside,113311
2024-01-30 13:00:00.000000 UTC,Inside,30443
2024-01-30 13:00:00.000000 UTC,Outside,128421
2024-01-30 14:00:00.000000 UTC,Inside,39855
2024-01-30 14:00:00.000000 UTC,Outside,160995
2024-01-30 15:00:00.000000 UTC,Inside,55908
2024-01-30 15:00:00.000000 UTC,Outside,208960
2024-01-30 16:00:00.000000 UTC,Inside,73123
2024-01-30 16:00:00.000000 UTC,Outside,242672
2024-01-30 17:00:00.000000 UTC,Inside,108244
2024-01-30 17:00:00.000000 UTC,Outside,298960
2024-01-30 18:00:00.000000 UTC,Inside,79771
2024-01-30 18:00:00.000000 UTC,Outside,220031
2024-01-30 19:00:00.000000 UTC,Inside,44455
2024-01-30 19:00:00.000000 UTC,Outside,130539
2024-01-30 20:00:00.000000 UTC,Inside,29590
2024-01-30 20:00:00.000000 UTC,Outside,92211
2024-01-30 21:00:00.000000 UTC,Inside,27059
2024-01-30 21:00:00.000000 UTC,Outside,71639
2024-01-30 22:00:00.000000 UTC,Inside,18366
2024-01-30 22:00:00.000000 UTC,Outside,52468
2024-01-30 23:00:00.000000 UTC,Inside,9393
2024-01-30 23:00:00.000000 UTC,Outside,28794
2024-01-31 00:00:00.000000 UTC,Inside,5514
2024-01-31 00:00:00.000000 UTC,Outside,14347
2024-01-31 01:00:00.000000 UTC,Inside,1722
2024-01-31 01:00:00.000000 UTC,Outside,5158
2024-01-31 02:00:00.000000 UTC,Inside,954
2024-01-31 02:00:00.000000 UTC,Outside,3894
2024-01-31 03:00:00.000000 UTC,Inside,712
2024-01-31 03:00:00.000000 UTC,Outside,5232
2024-01-31 04:00:00.000000 UTC,Inside,1271
2024-01-31 04:00:00.000000 UTC,Outside,16563
2024-01-31 05:00:00.000000 UTC,Inside,6184
2024-01-31 05:00:00.000000 UTC,Outside,59340
2024-01-31 06:00:00.000000 UTC,Inside,18559
2024-01-31 06:00:00.000000 UTC,Outside,133256
2024-01-31 07:00:00.000000 UTC,Inside,42131
2024-01-31 07:00:00.000000 UTC,Outside,274278
2024-01-31 08:00:00.000000 UTC,Inside,68564
2024-01-31 08:00:00.000000 UTC,Outside,336206
2024-01-31 09:00:00.000000 UTC,Inside,45638
2024-01-31 09:00:00.000000 UTC,Outside,200037
2024-01-31 10:00:00.000000 UTC,Inside,27380
2024-01-31 10:00:00.000000 UTC,Outside,126344
2024-01-31 11:00:00.000000 UTC,Inside,25274
2024-01-31 11:00:00.000000 UTC,Outside,111429
2024-01-31 12:00:00.000000 UTC,Inside,28581
2024-01-31 12:00:00.000000 UTC,Outside,117955
2024-01-31 13:00:00.000000 UTC,Inside,32225
2024-01-31 13:00:00.000000 UTC,Outside,133279
2024-01-31 14:00:00.000000 UTC,Inside,41113
2024-01-31 14:00:00.000000 UTC,Outside,167146
2024-01-31 15:00:00.000000 UTC,Inside,55930
2024-01-31 15:00:00.000000 UTC,Outside,209329
2024-01-31 16:00:00.000000 UTC,Inside,73883
2024-01-31 16:00:00.000000 UTC,Outside,241563
2024-01-31 17:00:00.000000 UTC,Inside,107774
2024-01-31 17:00:00.000000 UTC,Outside,297667
2024-01-31 18:00:00.000000 UTC,Inside,79568
2024-01-31 18:00:00.000000 UTC,Outside,220761
2024-01-31 19:00:00.000000 UTC,Inside,46400
2024-01-31 19:00:00.000000 UTC,Outside,134116
2024-01-31 20:00:00.000000 UTC,Inside,32184
2024-01-31 20:00:00.000000 UTC,Outside,96546
2024-01-31 21:00:00.000000 UTC,Inside,25609
2024-01-31 21:00:00.000000 UTC,Outside,73378
2024-01-31 22:00:00.000000 UTC,Inside,20967
2024-01-31 22:00:00.000000 UTC,Outside,54677
2024-01-31 23:00:00.000000 UTC,Inside,14205
2024-01-31 23:00:00.000000 UTC,Outside,31449
2024-02-01 00:00:00.000000 UTC,Inside,5966
2024-02-01 00:00:00.000000 UTC,Outside,15325
2024-02-01 01:00:00.000000 UTC,Inside,1978
2024-02-01 01:00:00.000000 UTC,Outside,5998
2024-02-01 02:00:00.000000 UTC,Inside,1069
2024-02-01 02:00:00.000000 UTC,Outside,4215
2024-02-01 03:00:00.000000 UTC,Inside,757
2024-02-01 03:00:00.000000 UTC,Outside,5435
2024-02-01 04:00:00.000000 UTC,Inside,1322
2024-02-01 04:00:00.000000 UTC,Outside,16554
2024-02-01 05:00:00.000000 UTC,Inside,6348
2024-02-01 05:00:00.000000 UTC,Outside,58956
2024-02-01 06:00:00.000000 UTC,Inside,18446
2024-02-01 06:00:00.000000 UTC,Outside,132384
2024-02-01 07:00:00.000000 UTC,Inside,41362
2024-02-01 07:00:00.000000 UTC,Outside,276012
2024-02-01 08:00:00.000000 UTC,Inside,65059
2024-02-01 08:00:00.000000 UTC,Outside,326364
2024-02-01 09:00:00.000000 UTC,Inside,45060
2024-02-01 09:00:00.000000 UTC,Outside,198277
2024-02-01 10:00:00.000000 UTC,Inside,26916
2024-02-01 10:00:00.000000 UTC,Outside,125918
2024-02-01 11:00:00.000000 UTC,Inside,26213
2024-02-01 11:00:00.000000 UTC,Outside,111148
2024-02-01 12:00:00.000000 UTC,Inside,28968
2024-02-01 12:00:00.000000 UTC,Outside,118107
2024-02-01 13:00:00.000000 UTC,Inside,31862
2024-02-01 13:00:00.000000 UTC,Outside,133431
2024-02-01 14:00:00.000000 UTC,Inside,40869
2024-02-01 14:00:00.000000 UTC,Outside,168230
2024-02-01 15:00:00.000000 UTC,Inside,56698
2024-02-01 15:00:00.000000 UTC,Outside,214168
2024-02-01 16:00:00.000000 UTC,Inside,72397
2024-02-01 16:00:00.000000 UTC,Outside,244716
2024-02-01 17:00:00.000000 UTC,Inside,103631
2024-02-01 17:00:00.000000 UTC,Outside,296241
2024-02-01 18:00:00.000000 UTC,Inside,77366
2024-02-01 18:00:00.000000 UTC,Outside,220757
2024-02-01 19:00:00.000000 UTC,Inside,46022
2024-02-01 19:00:00.000000 UTC,Outside,135673
2024-02-01 20:00:00.000000 UTC,Inside,32591
2024-02-01 20:00:00.000000 UTC,Outside,98564
2024-02-01 21:00:00.000000 UTC,Inside,27969
2024-02-01 21:00:00.000000 UTC,Outside,76968
2024-02-01 22:00:00.000000 UTC,Inside,22377
2024-02-01 22:00:00.000000 UTC,Outside,61919
2024-02-01 23:00:00.000000 UTC,Inside,12270
2024-02-01 23:00:00.000000 UTC,Outside,34596
2024-02-02 00:00:00.000000 UTC,Inside,7056
2024-02-02 00:00:00.000000 UTC,Outside,18505
2024-02-02 01:00:00.000000 UTC,Inside,2564
2024-02-02 01:00:00.000000 UTC,Outside,7012
2024-02-02 02:00:00.000000 UTC,Inside,1271
2024-02-02 02:00:00.000000 UTC,Outside,4615
2024-02-02 03:00:00.000000 UTC,Inside,897
2024-02-02 03:00:00.000000 UTC,Outside,5635
2024-02-02 04:00:00.000000 UTC,Inside,1293
2024-02-02 04:00:00.000000 UTC,Outside,16051
2024-02-02 05:00:00.000000 UTC,Inside,6037
2024-02-02 05:00:00.000000 UTC,Outside,55914
2024-02-02 06:00:00.000000 UTC,Inside,16049
2024-02-02 06:00:00.000000 UTC,Outside,120751
2024-02-02 07:00:00.000000 UTC,Inside,32378
2024-02-02 07:00:00.000000 UTC,Outside,238553
2024-02-02 08:00:00.000000 UTC,Inside,42727
2024-02-02 08:00:00.000000 UTC,Outside,247855
2024-02-02 09:00:00.000000 UTC,Inside,31552
2024-02-02 09:00:00.000000 UTC,Outside,156477
2024-02-02 10:00:00.000000 UTC,Inside,24663
2024-02-02 10:00:00.000000 UTC,Outside,115068
2024-02-02 11:00:00.000000 UTC,Inside,25557
2024-02-02 11:00:00.000000 UTC,Outside,107815
2024-02-02 12:00:00.000000 UTC,Inside,29342
2024-02-02 12:00:00.000000 UTC,Outside,118648
2024-02-02 13:00:00.000000 UTC,Inside,32618
2024-02-02 13:00:00.000000 UTC,Outside,135126
2024-02-02 14:00:00.000000 UTC,Inside,44007
2024-02-02 14:00:00.000000 UTC,Outside,176270
2024-02-02 15:00:00.000000 UTC,Inside,55101
2024-02-02 15:00:00.000000 UTC,Outside,214579
2024-02-02 16:00:00.000000 UTC,Inside,63170
2024-02-02 16:00:00.000000 UTC,Outside,224501
2024-02-02 17:00:00.000000 UTC,Inside,74607
2024-02-02 17:00:00.000000 UTC,Outside,242695
2024-02-02 18:00:00.000000 UTC,Inside,59075
2024-02-02 18:00:00.000000 UTC,Outside,190915
2024-02-02 19:00:00.000000 UTC,Inside,41260
2024-02-02 19:00:00.000000 UTC,Outside,132564
2024-02-02 20:00:00.000000 UTC,Inside,30492
2024-02-02 20:00:00.000000 UTC,Outside,97185
2024-02-02 21:00:00.000000 UTC,Inside,27711
2024-02-02 21:00:00.000000 UTC,Outside,77235
2024-02-02 22:00:00.000000 UTC,Inside,25493
2024-02-02 22:00:00.000000 UTC,Outside,67277
2024-02-02 23:00:00.000000 UTC,Inside,17504
2024-02-02 23:00:00.000000 UTC,Outside,47505
2024-02-03 00:00:00.000000 UTC,Inside,11871
2024-02-03 00:00:00.000000 UTC,Outside,27594
2024-02-03 01:00:00.000000 UTC,Inside,5552
2024-02-03 01:00:00.000000 UTC,Outside,12661
2024-02-03 02:00:00.000000 UTC,Inside,2891
2024-02-03 02:00:00.000000 UTC,Outside,7678
2024-02-03 03:00:00.000000 UTC,Inside,1739
2024-02-03 03:00:00.000000 UTC,Outside,5997
2024-02-03 04:00:00.000000 UTC,Inside,1571
2024-02-03 04:00:00.000000 UTC,Outside,9419
2024-02-03 05:00:00.000000 UTC,Inside,2134
2024-02-03 05:00:00.000000 UTC,Outside,19221
2024-02-03 06:00:00.000000 UTC,Inside,4541
2024-02-03 06:00:00.000000 UTC,Outside,37017
2024-02-03 07:00:00.000000 UTC,Inside,7902
2024-02-03 07:00:00.000000 UTC,Outside,58348
2024-02-03 08:00:00.000000 UTC,Inside,11742
2024-02-03 08:00:00.000000 UTC,Outside,73268
2024-02-03 09:00:00.000000 UTC,Inside,16067
2024-02-03 09:00:00.000000 UTC,Outside,84291
2024-02-03 10:00:00.000000 UTC,Inside,20928
2024-02-03 10:00:00.000000 UTC,Outside,94023
2024-02-03 11:00:00.000000 UTC,Inside,25707
2024-02-03 11:00:00.000000 UTC,Outside,106128
2024-02-03 12:00:00.000000 UTC,Inside,30714
2024-02-03 12:00:00.000000 UTC,Outside,118964
2024-02-03 13:00:00.000000 UTC,Inside,34538
2024-02-03 13:00:00.000000 UTC,Outside,130186
2024-02-03 14:00:00.000000 UTC,Inside,37819
2024-02-03 14:00:00.000000 UTC,Outside,137050
2024-02-03 15:00:00.000000 UTC,Inside,42739
2024-02-03 15:00:00.000000 UTC,Outside,144259
2024-02-03 16:00:00.000000 UTC,Inside,47703
2024-02-03 16:00:00.000000 UTC,Outside,145427
2024-02-03 17:00:00.000000 UTC,Inside,46504
2024-02-03 17:00:00.000000 UTC,Outside,141593
2024-02-03 18:00:00.000000 UTC,Inside,42074
2024-02-03 18:00:00.000000 UTC,Outside,125683
2024-02-03 19:00:00.000000 UTC,Inside,35211
2024-02-03 19:00:00.000000 UTC,Outside,104130
2024-02-03 20:00:00.000000 UTC,Inside,27478
2024-02-03 20:00:00.000000 UTC,Outside,77560
2024-02-03 21:00:00.000000 UTC,Inside,24330
2024-02-03 21:00:00.000000 UTC,Outside,64262
2024-02-03 22:00:00.000000 UTC,Inside,23865
2024-02-03 22:00:00.000000 UTC,Outside,58950
2024-02-03 23:00:00.000000 UTC,Inside,18762
2024-02-03 23:00:00.000000 UTC,Outside,45809
2024-02-04 00:00:00.000000 UTC,Inside,11332
2024-02-04 00:00:00.000000 UTC,Outside,25729
2024-02-04 01:00:00.000000 UTC,Inside,5859
2024-02-04 01:00:00.000000 UTC,Outside,13099
2024-02-04 02:00:00.000000 UTC,Inside,3267
2024-02-04 02:00:00.000000 UTC,Outside,7655
2024-02-04 03:00:00.000000 UTC,Inside,2027
2024-02-04 03:00:00.000000 UTC,Outside,5645
2024-02-04 04:00:00.000000 UTC,Inside,1490
2024-02-04 04:00:00.000000 UTC,Outside,7895
2024-02-04 05:00:00.000000 UTC,Inside,1545
2024-02-04 05:00:00.000000 UTC,Outside,13896
2024-02-04 06:00:00.000000 UTC,Inside,3627
2024-02-04 06:00:00.000000 UTC,Outside,26615
2024-02-04 07:00:00.000000 UTC,Inside,5666
2024-02-04 07:00:00.000000 UTC,Outside,39211
2024-02-04 08:00:00.000000 UTC,Inside,8418
2024-02-04 08:00:00.000000 UTC,Outside,50808
2024-02-04 09:00:00.000000 UTC,Inside,12566
2024-02-04 09:00:00.000000 UTC,Outside,66188
2024-02-04 10:00:00.000000 UTC,Inside,16656
2024-02-04 10:00:00.000000 UTC,Outside,78249
2024-02-04 11:00:00.000000 UTC,Inside,21257
2024-02-04 11:00:00.000000 UTC,Outside,86837
2024-02-04 12:00:00.000000 UTC,Inside,25993
2024-02-04 12:00:00.000000 UTC,Outside,98632
2024-02-04 13:00:00.000000 UTC,Inside,28885
2024-02-04 13:00:00.000000 UTC,Outside,108418
2024-02-04 14:00:00.000000 UTC,Inside,31758
2024-02-04 14:00:00.000000 UTC,Outside,111591
2024-02-04 15:00:00.000000 UTC,Inside,34112
2024-02-04 15:00:00.000000 UTC,Outside,112199
2024-02-04 16:00:00.000000 UTC,Inside,35467
2024-02-04 16:00:00.000000 UTC,Outside,110399
2024-02-04 17:00:00.000000 UTC,Inside,36521
2024-02-04 17:00:00.000000 UTC,Outside,106253
2024-02-04 18:00:00.000000 UTC,Inside,30955
2024-02-04 18:00:00.000000 UTC,Outside,89826
2024-02-04 19:00:00.000000 UTC,Inside,23548
2024-02-04 19:00:00.000000 UTC,Outside,66673
2024-02-04 20:00:00.000000 UTC,Inside,18304
2024-02-04 20:00:00.000000 UTC,Outside,51005
2024-02-04 21:00:00.000000 UTC,Inside,15856
2024-02-04 21:00:00.000000 UTC,Outside,42550
2024-02-04 22:00:00.000000 UTC,Inside,12546
2024-02-04 22:00:00.000000 UTC,Outside,34286
2024-02-04 23:00:00.000000 UTC,Inside,7491
2024-02-04 23:00:00.000000 UTC,Outside,20957
2024-02-05 00:00:00.000000 UTC,Inside,3562
2024-02-05 00:00:00.000000 UTC,Outside,10360
2024-02-05 01:00:00.000000 UTC,Inside,1424
2024-02-05 01:00:00.000000 UTC,Outside,4439
2024-02-05 02:00:00.000000 UTC,Inside,839
2024-02-05 02:00:00.000000 UTC,Outside,3346
2024-02-05 03:00:00.000000 UTC,Inside,727
2024-02-05 03:00:00.000000 UTC,Outside,4970
2024-02-05 04:00:00.000000 UTC,Inside,1382
2024-02-05 04:00:00.000000 UTC,Outside,15935
2024-02-05 05:00:00.000000 UTC,Inside,6005
2024-02-05 05:00:00.000000 UTC,Outside,57541
2024-02-05 06:00:00.000000 UTC,Inside,17608
2024-02-05 06:00:00.000000 UTC,Outside,129898
2024-02-05 07:00:00.000000 UTC,Inside,39408
2024-02-05 07:00:00.000000 UTC,Outside,268063
2024-02-05 08:00:00.000000 UTC,Inside,58622
2024-02-05 08:00:00.000000 UTC,Outside,300178
2024-02-05 09:00:00.000000 UTC,Inside,37813
2024-02-05 09:00:00.000000 UTC,Outside,175735
2024-02-05 10:00:00.000000 UTC,Inside,25222
2024-02-05 10:00:00.000000 UTC,Outside,116958
2024-02-05 11:00:00.000000 UTC,Inside,23739
2024-02-05 11:00:00.000000 UTC,Outside,103842
2024-02-05 12:00:00.000000 UTC,Inside,26481
2024-02-05 12:00:00.000000 UTC,Outside,110155
2024-02-05 13:00:00.000000 UTC,Inside,29694
2024-02-05 13:00:00.000000 UTC,Outside,127421
2024-02-05 14:00:00.000000 UTC,Inside,38961
2024-02-05 14:00:00.000000 UTC,Outside,159228
2024-02-05 15:00:00.000000 UTC,Inside,52896
2024-02-05 15:00:00.000000 UTC,Outside,205358
2024-02-05 16:00:00.000000 UTC,Inside,66607
2024-02-05 16:00:00.000000 UTC,Outside,232533
2024-02-05 17:00:00.000000 UTC,Inside,91274
2024-02-05 17:00:00.000000 UTC,Outside,272695
2024-02-05 18:00:00.000000 UTC,Inside,67734
2024-02-05 18:00:00.000000 UTC,Outside,201167
2024-02-05 19:00:00.000000 UTC,Inside,38873
2024-02-05 19:00:00.000000 UTC,Outside,117916
2024-02-05 20:00:00.000000 UTC,Inside,26399
2024-02-05 20:00:00.000000 UTC,Outside,83141
2024-02-05 21:00:00.000000 UTC,Inside,20535
2024-02-05 21:00:00.000000 UTC,Outside,62125
2024-02-05 22:00:00.000000 UTC,Inside,18794
2024-02-05 22:00:00.000000 UTC,Outside,43415
2024-02-05 23:00:00.000000 UTC,Inside,8615
2024-02-05 23:00:00.000000 UTC,Outside,25591
2024-02-06 00:00:00.000000 UTC,Inside,4924
2024-02-06 00:00:00.000000 UTC,Outside,12612
2024-02-06 01:00:00.000000 UTC,Inside,1544
2024-02-06 01:00:00.000000 UTC,Outside,4610
2024-02-06 02:00:00.000000 UTC,Inside,833
2024-02-06 02:00:00.000000 UTC,Outside,3643
2024-02-06 03:00:00.000000 UTC,Inside,738
2024-02-06 03:00:00.000000 UTC,Outside,5182
2024-02-06 04:00:00.000000 UTC,Inside,1231
2024-02-06 04:00:00.000000 UTC,Outside,16514
2024-02-06 05:00:00.000000 UTC,Inside,6400
2024-02-06 05:00:00.000000 UTC,Outside,59947
2024-02-06 06:00:00.000000 UTC,Inside,19865
2024-02-06 06:00:00.000000 UTC,Outside,136976
2024-02-06 07:00:00.000000 UTC,Inside,44370
2024-02-06 07:00:00.000000 UTC,Outside,287905
2024-02-06 08:00:00.000000 UTC,Inside,70721
2024-02-06 08:00:00.000000 UTC,Outside,346691
2024-02-06 09:00:00.000000 UTC,Inside,47433
2024-02-06 09:00:00.000000 UTC,Outside,201956
2024-02-06 10:00:00.000000 UTC,Inside,28012
2024-02-06 10:00:00.000000 UTC,Outside,126177
2024-02-06 11:00:00.000000 UTC,Inside,25948
2024-02-06 11:00:00.000000 UTC,Outside,109075
2024-02-06 12:00:00.000000 UTC,Inside,28679
2024-02-06 12:00:00.000000 UTC,Outside,115472
2024-02-06 13:00:00.000000 UTC,Inside,31876
2024-02-06 13:00:00.000000 UTC,Outside,130991
2024-02-06 14:00:00.000000 UTC,Inside,41162
2024-02-06 14:00:00.000000 UTC,Outside,166304
2024-02-06 15:00:00.000000 UTC,Inside,56850
2024-02-06 15:00:00.000000 UTC,Outside,214751
2024-02-06 16:00:00.000000 UTC,Inside,74263
2024-02-06 16:00:00.000000 UTC,Outside,246050
2024-02-06 17:00:00.000000 UTC,Inside,110112
2024-02-06 17:00:00.000000 UTC,Outside,307440
2024-02-06 18:00:00.000000 UTC,Inside,82476
2024-02-06 18:00:00.000000 UTC,Outside,227034
2024-02-06 19:00:00.000000 UTC,Inside,45771
2024-02-06 19:00:00.000000 UTC,Outside,131564
2024-02-06 20:00:00.000000 UTC,Inside,30659
2024-02-06 20:00:00.000000 UTC,Outside,94023
2024-02-06 21:00:00.000000 UTC,Inside,30315
2024-02-06 21:00:00.000000 UTC,Outside,72300
2024-02-06 22:00:00.000000 UTC,Inside,21271
2024-02-06 22:00:00.000000 UTC,Outside,51567
2024-02-06 23:00:00.000000 UTC,Inside,10324
2024-02-06 23:00:00.000000 UTC,Outside,29182
2024-02-07 00:00:00.000000 UTC,Inside,5423
2024-02-07 00:00:00.000000 UTC,Outside,14037
2024-02-07 01:00:00.000000 UTC,Inside,1790
2024-02-07 01:00:00.000000 UTC,Outside,5233
2024-02-07 02:00:00.000000 UTC,Inside,955
2024-02-07 02:00:00.000000 UTC,Outside,3803
2024-02-07 03:00:00.000000 UTC,Inside,722
2024-02-07 03:00:00.000000 UTC,Outside,5231
2024-02-07 04:00:00.000000 UTC,Inside,1298
2024-02-07 04:00:00.000000 UTC,Outside,16635
2024-02-07 05:00:00.000000 UTC,Inside,6435
2024-02-07 05:00:00.000000 UTC,Outside,59482
2024-02-07 06:00:00.000000 UTC,Inside,19403
2024-02-07 06:00:00.000000 UTC,Outside,135709
2024-02-07 07:00:00.000000 UTC,Inside,43309
2024-02-07 07:00:00.000000 UTC,Outside,287092
2024-02-07 08:00:00.000000 UTC,Inside,69672
2024-02-07 08:00:00.000000 UTC,Outside,343068
2024-02-07 09:00:00.000000 UTC,Inside,46540
2024-02-07 09:00:00.000000 UTC,Outside,202737
2024-02-07 10:00:00.000000 UTC,Inside,28296
2024-02-07 10:00:00.000000 UTC,Outside,129055
2024-02-07 11:00:00.000000 UTC,Inside,26004
2024-02-07 11:00:00.000000 UTC,Outside,113750
2024-02-07 12:00:00.000000 UTC,Inside,29601
2024-02-07 12:00:00.000000 UTC,Outside,120574
2024-02-07 13:00:00.000000 UTC,Inside,33420
2024-02-07 13:00:00.000000 UTC,Outside,136933
2024-02-07 14:00:00.000000 UTC,Inside,42978
2024-02-07 14:00:00.000000 UTC,Outside,173018
2024-02-07 15:00:00.000000 UTC,Inside,57446
2024-02-07 15:00:00.000000 UTC,Outside,214289
2024-02-07 16:00:00.000000 UTC,Inside,75747
2024-02-07 16:00:00.000000 UTC,Outside,247334
2024-02-07 17:00:00.000000 UTC,Inside,109489
2024-02-07 17:00:00.000000 UTC,Outside,305888
2024-02-07 18:00:00.000000 UTC,Inside,81219
2024-02-07 18:00:00.000000 UTC,Outside,227922
2024-02-07 19:00:00.000000 UTC,Inside,46708
2024-02-07 19:00:00.000000 UTC,Outside,135720
2024-02-07 20:00:00.000000 UTC,Inside,32853
2024-02-07 20:00:00.000000 UTC,Outside,97826
2024-02-07 21:00:00.000000 UTC,Inside,27790
2024-02-07 21:00:00.000000 UTC,Outside,77872
2024-02-07 22:00:00.000000 UTC,Inside,20658
2024-02-07 22:00:00.000000 UTC,Outside,54255
2024-02-07 23:00:00.000000 UTC,Inside,10713
2024-02-07 23:00:00.000000 UTC,Outside,31708
2024-02-08 00:00:00.000000 UTC,Inside,5908
2024-02-08 00:00:00.000000 UTC,Outside,15873
2024-02-08 01:00:00.000000 UTC,Inside,1992
2024-02-08 01:00:00.000000 UTC,Outside,5991
2024-02-08 02:00:00.000000 UTC,Inside,1004
2024-02-08 02:00:00.000000 UTC,Outside,4050
2024-02-08 03:00:00.000000 UTC,Inside,764
2024-02-08 03:00:00.000000 UTC,Outside,5352
2024-02-08 04:00:00.000000 UTC,Inside,1331
2024-02-08 04:00:00.000000 UTC,Outside,16618
2024-02-08 05:00:00.000000 UTC,Inside,6362
2024-02-08 05:00:00.000000 UTC,Outside,59011
2024-02-08 06:00:00.000000 UTC,Inside,18529
2024-02-08 06:00:00.000000 UTC,Outside,133663
2024-02-08 07:00:00.000000 UTC,Inside,41271
2024-02-08 07:00:00.000000 UTC,Outside,280844
2024-02-08 08:00:00.000000 UTC,Inside,65821
2024-02-08 08:00:00.000000 UTC,Outside,330881
2024-02-08 09:00:00.000000 UTC,Inside,46157
2024-02-08 09:00:00.000000 UTC,Outside,199407
2024-02-08 10:00:00.000000 UTC,Inside,28194
2024-02-08 10:00:00.000000 UTC,Outside,128361
2024-02-08 11:00:00.000000 UTC,Inside,26835
2024-02-08 11:00:00.000000 UTC,Outside,113049
2024-02-08 12:00:00.000000 UTC,Inside,30164
2024-02-08 12:00:00.000000 UTC,Outside,121027
2024-02-08 13:00:00.000000 UTC,Inside,33227
2024-02-08 13:00:00.000000 UTC,Outside,138182
2024-02-08 14:00:00.000000 UTC,Inside,42312
2024-02-08 14:00:00.000000 UTC,Outside,171592
2024-02-08 15:00:00.000000 UTC,Inside,58647
2024-02-08 15:00:00.000000 UTC,Outside,218674
2024-02-08 16:00:00.000000 UTC,Inside,73932
2024-02-08 16:00:00.000000 UTC,Outside,247961
2024-02-08 17:00:00.000000 UTC,Inside,104307
2024-02-08 17:00:00.000000 UTC,Outside,301749
2024-02-08 18:00:00.000000 UTC,Inside,80783
2024-02-08 18:00:00.000000 UTC,Outside,230751
2024-02-08 19:00:00.000000 UTC,Inside,48454
2024-02-08 19:00:00.000000 UTC,Outside,138526
2024-02-08 20:00:00.000000 UTC,Inside,33528
2024-02-08 20:00:00.000000 UTC,Outside,100821
2024-02-08 21:00:00.000000 UTC,Inside,33633
2024-02-08 21:00:00.000000 UTC,Outside,80667
2024-02-08 22:00:00.000000 UTC,Inside,24651
2024-02-08 22:00:00.000000 UTC,Outside,61358
2024-02-08 23:00:00.000000 UTC,Inside,12948
2024-02-08 23:00:00.000000 UTC,Outside,35413
2024-02-09 00:00:00.000000 UTC,Inside,7068
2024-02-09 00:00:00.000000 UTC,Outside,18710
2024-02-09 01:00:00.000000 UTC,Inside,2735
2024-02-09 01:00:00.000000 UTC,Outside,7445
2024-02-09 02:00:00.000000 UTC,Inside,1468
2024-02-09 02:00:00.000000 UTC,Outside,4928
2024-02-09 03:00:00.000000 UTC,Inside,993
2024-02-09 03:00:00.000000 UTC,Outside,5902
2024-02-09 04:00:00.000000 UTC,Inside,1404
2024-02-09 04:00:00.000000 UTC,Outside,16357
2024-02-09 05:00:00.000000 UTC,Inside,6004
2024-02-09 05:00:00.000000 UTC,Outside,56636
2024-02-09 06:00:00.000000 UTC,Inside,15793
2024-02-09 06:00:00.000000 UTC,Outside,120643
2024-02-09 07:00:00.000000 UTC,Inside,32174
2024-02-09 07:00:00.000000 UTC,Outside,239020
2024-02-09 08:00:00.000000 UTC,Inside,42472
2024-02-09 08:00:00.000000 UTC,Outside,245126
2024-02-09 09:00:00.000000 UTC,Inside,31838
2024-02-09 09:00:00.000000 UTC,Outside,157915
2024-02-09 10:00:00.000000 UTC,Inside,25521
2024-02-09 10:00:00.000000 UTC,Outside,118098
2024-02-09 11:00:00.000000 UTC,Inside,26738
2024-02-09 11:00:00.000000 UTC,Outside,113018
2024-02-09 12:00:00.000000 UTC,Inside,30745
2024-02-09 12:00:00.000000 UTC,Outside,124261
2024-02-09 13:00:00.000000 UTC,Inside,35323
2024-02-09 13:00:00.000000 UTC,Outside,143499
2024-02-09 14:00:00.000000 UTC,Inside,45980
2024-02-09 14:00:00.000000 UTC,Outside,183154
2024-02-09 15:00:00.000000 UTC,Inside,59853
2024-02-09 15:00:00.000000 UTC,Outside,223121
2024-02-09 16:00:00.000000 UTC,Inside,67731
2024-02-09 16:00:00.000000 UTC,Outside,234099
2024-02-09 17:00:00.000000 UTC,Inside,76561
2024-02-09 17:00:00.000000 UTC,Outside,247030
2024-02-09 18:00:00.000000 UTC,Inside,63810
2024-02-09 18:00:00.000000 UTC,Outside,194563
2024-02-09 19:00:00.000000 UTC,Inside,42889
2024-02-09 19:00:00.000000 UTC,Outside,133713
2024-02-09 20:00:00.000000 UTC,Inside,31650
2024-02-09 20:00:00.000000 UTC,Outside,96544
2024-02-09 21:00:00.000000 UTC,Inside,27871
2024-02-09 21:00:00.000000 UTC,Outside,77554
2024-02-09 22:00:00.000000 UTC,Inside,27343
2024-02-09 22:00:00.000000 UTC,Outside,68463
2024-02-09 23:00:00.000000 UTC,Inside,19266
2024-02-09 23:00:00.000000 UTC,Outside,48932
2024-02-10 00:00:00.000000 UTC,Inside,13092
2024-02-10 00:00:00.000000 UTC,Outside,28722
2024-02-10 01:00:00.000000 UTC,Inside,6370
2024-02-10 01:00:00.000000 UTC,Outside,13978
2024-02-10 02:00:00.000000 UTC,Inside,3295
2024-02-10 02:00:00.000000 UTC,Outside,8150
2024-02-10 03:00:00.000000 UTC,Inside,1919
2024-02-10 03:00:00.000000 UTC,Outside,6296
2024-02-10 04:00:00.000000 UTC,Inside,1627
2024-02-10 04:00:00.000000 UTC,Outside,9600
2024-02-10 05:00:00.000000 UTC,Inside,1972
2024-02-10 05:00:00.000000 UTC,Outside,19576
2024-02-10 06:00:00.000000 UTC,Inside,4235
2024-02-10 06:00:00.000000 UTC,Outside,37058
2024-02-10 07:00:00.000000 UTC,Inside,7080
2024-02-10 07:00:00.000000 UTC,Outside,57142
2024-02-10 08:00:00.000000 UTC,Inside,10914
2024-02-10 08:00:00.000000 UTC,Outside,72951
2024-02-10 09:00:00.000000 UTC,Inside,15954
2024-02-10 09:00:00.000000 UTC,Outside,87411
2024-02-10 10:00:00.000000 UTC,Inside,20933
2024-02-10 10:00:00.000000 UTC,Outside,99618
2024-02-10 11:00:00.000000 UTC,Inside,26510
2024-02-10 11:00:00.000000 UTC,Outside,111681
2024-02-10 12:00:00.000000 UTC,Inside,31991
2024-02-10 12:00:00.000000 UTC,Outside,126856
2024-02-10 13:00:00.000000 UTC,Inside,36447
2024-02-10 13:00:00.000000 UTC,Outside,135545
2024-02-10 14:00:00.000000 UTC,Inside,40776
2024-02-10 14:00:00.000000 UTC,Outside,137583
2024-02-10 15:00:00.000000 UTC,Inside,45313
2024-02-10 15:00:00.000000 UTC,Outside,144534
2024-02-10 16:00:00.000000 UTC,Inside,49390
2024-02-10 16:00:00.000000 UTC,Outside,145370
2024-02-10 17:00:00.000000 UTC,Inside,47632
2024-02-10 17:00:00.000000 UTC,Outside,141517
2024-02-10 18:00:00.000000 UTC,Inside,42371
2024-02-10 18:00:00.000000 UTC,Outside,128509
2024-02-10 19:00:00.000000 UTC,Inside,35031
2024-02-10 19:00:00.000000 UTC,Outside,103755
2024-02-10 20:00:00.000000 UTC,Inside,32517
2024-02-10 20:00:00.000000 UTC,Outside,79000
2024-02-10 21:00:00.000000 UTC,Inside,25276
2024-02-10 21:00:00.000000 UTC,Outside,68203
2024-02-10 22:00:00.000000 UTC,Inside,25881
2024-02-10 22:00:00.000000 UTC,Outside,62533
2024-02-10 23:00:00.000000 UTC,Inside,19708
2024-02-10 23:00:00.000000 UTC,Outside,46464
2024-02-11 00:00:00.000000 UTC,Inside,11698
2024-02-11 00:00:00.000000 UTC,Outside,26600
2024-02-11 01:00:00.000000 UTC,Inside,6126
2024-02-11 01:00:00.000000 UTC,Outside,13562
2024-02-11 02:00:00.000000 UTC,Inside,3592
2024-02-11 02:00:00.000000 UTC,Outside,8513
2024-02-11 03:00:00.000000 UTC,Inside,2030
2024-02-11 03:00:00.000000 UTC,Outside,6237
2024-02-11 04:00:00.000000 UTC,Inside,1688
2024-02-11 04:00:00.000000 UTC,Outside,8390
2024-02-11 05:00:00.000000 UTC,Inside,1455
2024-02-11 05:00:00.000000 UTC,Outside,14070
2024-02-11 06:00:00.000000 UTC,Inside,3059
2024-02-11 06:00:00.000000 UTC,Outside,26318
2024-02-11 07:00:00.000000 UTC,Inside,5399
2024-02-11 07:00:00.000000 UTC,Outside,39920
2024-02-11 08:00:00.000000 UTC,Inside,8515
2024-02-11 08:00:00.000000 UTC,Outside,52793
2024-02-11 09:00:00.000000 UTC,Inside,12563
2024-02-11 09:00:00.000000 UTC,Outside,66638
2024-02-11 10:00:00.000000 UTC,Inside,16675
2024-02-11 10:00:00.000000 UTC,Outside,80975
2024-02-11 11:00:00.000000 UTC,Inside,20346
2024-02-11 11:00:00.000000 UTC,Outside,87627
2024-02-11 12:00:00.000000 UTC,Inside,24397
2024-02-11 12:00:00.000000 UTC,Outside,97868
2024-02-11 13:00:00.000000 UTC,Inside,26955
2024-02-11 13:00:00.000000 UTC,Outside,104737
2024-02-11 14:00:00.000000 UTC,Inside,28426
2024-02-11 14:00:00.000000 UTC,Outside,107133
2024-02-11 15:00:00.000000 UTC,Inside,31353
2024-02-11 15:00:00.000000 UTC,Outside,110704
2024-02-11 16:00:00.000000 UTC,Inside,35981
2024-02-11 16:00:00.000000 UTC,Outside,114820
2024-02-11 17:00:00.000000 UTC,Inside,40133
2024-02-11 17:00:00.000000 UTC,Outside,125605
2024-02-11 18:00:00.000000 UTC,Inside,29996
2024-02-11 18:00:00.000000 UTC,Outside,89989
2024-02-11 19:00:00.000000 UTC,Inside,18389
2024-02-11 19:00:00.000000 UTC,Outside,55394
2024-02-11 20:00:00.000000 UTC,Inside,14691
2024-02-11 20:00:00.000000 UTC,Outside,43683
2024-02-11 21:00:00.000000 UTC,Inside,14929
2024-02-11 21:00:00.000000 UTC,Outside,42617
2024-02-11 22:00:00.000000 UTC,Inside,13036
2024-02-11 22:00:00.000000 UTC,Outside,36411
2024-02-11 23:00:00.000000 UTC,Inside,17905
2024-02-11 23:00:00.000000 UTC,Outside,56243
2024-02-12 00:00:00.000000 UTC,Inside,4665
2024-02-12 00:00:00.000000 UTC,Outside,12901
2024-02-12 01:00:00.000000 UTC,Inside,1691
2024-02-12 01:00:00.000000 UTC,Outside,5125
2024-02-12 02:00:00.000000 UTC,Inside,993
2024-02-12 02:00:00.000000 UTC,Outside,3636
2024-02-12 03:00:00.000000 UTC,Inside,774
2024-02-12 03:00:00.000000 UTC,Outside,5057
2024-02-12 04:00:00.000000 UTC,Inside,1443
2024-02-12 04:00:00.000000 UTC,Outside,15673
2024-02-12 05:00:00.000000 UTC,Inside,6025
2024-02-12 05:00:00.000000 UTC,Outside,55467
2024-02-12 06:00:00.000000 UTC,Inside,16859
2024-02-12 06:00:00.000000 UTC,Outside,123048
2024-02-12 07:00:00.000000 UTC,Inside,37519
2024-02-12 07:00:00.000000 UTC,Outside,251663
2024-02-12 08:00:00.000000 UTC,Inside,54825
2024-02-12 08:00:00.000000 UTC,Outside,281595
2024-02-12 09:00:00.000000 UTC,Inside,37699
2024-02-12 09:00:00.000000 UTC,Outside,168182
2024-02-12 10:00:00.000000 UTC,Inside,24561
2024-02-12 10:00:00.000000 UTC,Outside,112593
2024-02-12 11:00:00.000000 UTC,Inside,23120
2024-02-12 11:00:00.000000 UTC,Outside,101236
2024-02-12 12:00:00.000000 UTC,Inside,25992
2024-02-12 12:00:00.000000 UTC,Outside,107858
2024-02-12 13:00:00.000000 UTC,Inside,30063
2024-02-12 13:00:00.000000 UTC,Outside,124558
2024-02-12 14:00:00.000000 UTC,Inside,38843
2024-02-12 14:00:00.000000 UTC,Outside,157208
2024-02-12 15:00:00.000000 UTC,Inside,52650
2024-02-12 15:00:00.000000 UTC,Outside,202748
2024-02-12 16:00:00.000000 UTC,Inside,64671
2024-02-12 16:00:00.000000 UTC,Outside,226420
2024-02-12 17:00:00.000000 UTC,Inside,87945
2024-02-12 17:00:00.000000 UTC,Outside,261048
2024-02-12 18:00:00.000000 UTC,Inside,67205
2024-02-12 18:00:00.000000 UTC,Outside,193920
2024-02-12 19:00:00.000000 UTC,Inside,38634
2024-02-12 19:00:00.000000 UTC,Outside,115342
2024-02-12 20:00:00.000000 UTC,Inside,26341
2024-02-12 20:00:00.000000 UTC,Outside,82748
2024-02-12 21:00:00.000000 UTC,Inside,20941
2024-02-12 21:00:00.000000 UTC,Outside,61759
2024-02-12 22:00:00.000000 UTC,Inside,14787
2024-02-12 22:00:00.000000 UTC,Outside,44615
2024-02-12 23:00:00.000000 UTC,Inside,8485
2024-02-12 23:00:00.000000 UTC,Outside,26870
2024-02-13 00:00:00.000000 UTC,Inside,4882
2024-02-13 00:00:00.000000 UTC,Outside,13587
2024-02-13 01:00:00.000000 UTC,Inside,1613
2024-02-13 01:00:00.000000 UTC,Outside,5091
2024-02-13 02:00:00.000000 UTC,Inside,899
2024-02-13 02:00:00.000000 UTC,Outside,3727
2024-02-13 03:00:00.000000 UTC,Inside,701
2024-02-13 03:00:00.000000 UTC,Outside,5048
2024-02-13 04:00:00.000000 UTC,Inside,1089
2024-02-13 04:00:00.000000 UTC,Outside,14885
2024-02-13 05:00:00.000000 UTC,Inside,4939
2024-02-13 05:00:00.000000 UTC,Outside,49038
2024-02-13 06:00:00.000000 UTC,Inside,12410
2024-02-13 06:00:00.000000 UTC,Outside,91352
2024-02-13 07:00:00.000000 UTC,Inside,20960
2024-02-13 07:00:00.000000 UTC,Outside,138230
2024-02-13 08:00:00.000000 UTC,Inside,30696
2024-02-13 08:00:00.000000 UTC,Outside,159693
2024-02-13 09:00:00.000000 UTC,Inside,22641
2024-02-13 09:00:00.000000 UTC,Outside,107982
2024-02-13 10:00:00.000000 UTC,Inside,17333
2024-02-13 10:00:00.000000 UTC,Outside,76945
2024-02-13 11:00:00.000000 UTC,Inside,16311
2024-02-13 11:00:00.000000 UTC,Outside,66988
2024-02-13 12:00:00.000000 UTC,Inside,17335
2024-02-13 12:00:00.000000 UTC,Outside,70808
2024-02-13 13:00:00.000000 UTC,Inside,19628
2024-02-13 13:00:00.000000 UTC,Outside,83346
2024-02-13 14:00:00.000000 UTC,Inside,23746
2024-02-13 14:00:00.000000 UTC,Outside,100011
2024-02-13 15:00:00.000000 UTC,Inside,32664
2024-02-13 15:00:00.000000 UTC,Outside,126683
2024-02-13 16:00:00.000000 UTC,Inside,40809
2024-02-13 16:00:00.000000 UTC,Outside,145073
2024-02-13 17:00:00.000000 UTC,Inside,55302
2024-02-13 17:00:00.000000 UTC,Outside,171003
2024-02-13 18:00:00.000000 UTC,Inside,48497
2024-02-13 18:00:00.000000 UTC,Outside,142586
2024-02-13 19:00:00.000000 UTC,Inside,29088
2024-02-13 19:00:00.000000 UTC,Outside,88789
2024-02-13 20:00:00.000000 UTC,Inside,20710
2024-02-13 20:00:00.000000 UTC,Outside,63954
2024-02-13 21:00:00.000000 UTC,Inside,21420
2024-02-13 21:00:00.000000 UTC,Outside,55568
2024-02-13 22:00:00.000000 UTC,Inside,21193
2024-02-13 22:00:00.000000 UTC,Outside,43001
2024-02-13 23:00:00.000000 UTC,Inside,9607
2024-02-13 23:00:00.000000 UTC,Outside,27247
2024-02-14 00:00:00.000000 UTC,Inside,5246
2024-02-14 00:00:00.000000 UTC,Outside,13626
2024-02-14 01:00:00.000000 UTC,Inside,1709
2024-02-14 01:00:00.000000 UTC,Outside,5234
2024-02-14 02:00:00.000000 UTC,Inside,817
2024-02-14 02:00:00.000000 UTC,Outside,3715
2024-02-14 03:00:00.000000 UTC,Inside,724
2024-02-14 03:00:00.000000 UTC,Outside,5173
2024-02-14 04:00:00.000000 UTC,Inside,1321
2024-02-14 04:00:00.000000 UTC,Outside,16155
2024-02-14 05:00:00.000000 UTC,Inside,6143
2024-02-14 05:00:00.000000 UTC,Outside,57962
2024-02-14 06:00:00.000000 UTC,Inside,18692
2024-02-14 06:00:00.000000 UTC,Outside,133005
2024-02-14 07:00:00.000000 UTC,Inside,43285
2024-02-14 07:00:00.000000 UTC,Outside,280900
2024-02-14 08:00:00.000000 UTC,Inside,71102
2024-02-14 08:00:00.000000 UTC,Outside,343640
2024-02-14 09:00:00.000000 UTC,Inside,48425
2024-02-14 09:00:00.000000 UTC,Outside,205908
2024-02-14 10:00:00.000000 UTC,Inside,28957
2024-02-14 10:00:00.000000 UTC,Outside,131085
2024-02-14 11:00:00.000000 UTC,Inside,27592
2024-02-14 11:00:00.000000 UTC,Outside,116323
2024-02-14 12:00:00.000000 UTC,Inside,30742
2024-02-14 12:00:00.000000 UTC,Outside,123314
2024-02-14 13:00:00.000000 UTC,Inside,34955
2024-02-14 13:00:00.000000 UTC,Outside,139704
2024-02-14 14:00:00.000000 UTC,Inside,44374
2024-02-14 14:00:00.000000 UTC,Outside,174803
2024-02-14 15:00:00.000000 UTC,Inside,59537
2024-02-14 15:00:00.000000 UTC,Outside,219694
2024-02-14 16:00:00.000000 UTC,Inside,78771
2024-02-14 16:00:00.000000 UTC,Outside,254718
2024-02-14 17:00:00.000000 UTC,Inside,115718
2024-02-14 17:00:00.000000 UTC,Outside,318611
2024-02-14 18:00:00.000000 UTC,Inside,84917
2024-02-14 18:00:00.000000 UTC,Outside,236142
2024-02-14 19:00:00.000000 UTC,Inside,46549
2024-02-14 19:00:00.000000 UTC,Outside,138263
2024-02-14 20:00:00.000000 UTC,Inside,31286
2024-02-14 20:00:00.000000 UTC,Outside,96862
2024-02-14 21:00:00.000000 UTC,Inside,26727
2024-02-14 21:00:00.000000 UTC,Outside,73070
2024-02-14 22:00:00.000000 UTC,Inside,20877
2024-02-14 22:00:00.000000 UTC,Outside,54156
2024-02-14 23:00:00.000000 UTC,Inside,14137
2024-02-14 23:00:00.000000 UTC,Outside,35636
2024-02-15 00:00:00.000000 UTC,Inside,7675
2024-02-15 00:00:00.000000 UTC,Outside,18383
2024-02-15 01:00:00.000000 UTC,Inside,2663
2024-02-15 01:00:00.000000 UTC,Outside,6881
2024-02-15 02:00:00.000000 UTC,Inside,1383
2024-02-15 02:00:00.000000 UTC,Outside,4318
2024-02-15 03:00:00.000000 UTC,Inside,978
2024-02-15 03:00:00.000000 UTC,Outside,5468
2024-02-15 04:00:00.000000 UTC,Inside,1370
2024-02-15 04:00:00.000000 UTC,Outside,16176
2024-02-15 05:00:00.000000 UTC,Inside,6060
2024-02-15 05:00:00.000000 UTC,Outside,56649
2024-02-15 06:00:00.000000 UTC,Inside,18262
2024-02-15 06:00:00.000000 UTC,Outside,130314
2024-02-15 07:00:00.000000 UTC,Inside,42247
2024-02-15 07:00:00.000000 UTC,Outside,276863
2024-02-15 08:00:00.000000 UTC,Inside,67059
2024-02-15 08:00:00.000000 UTC,Outside,334466
2024-02-15 09:00:00.000000 UTC,Inside,47128
2024-02-15 09:00:00.000000 UTC,Outside,202654
2024-02-15 10:00:00.000000 UTC,Inside,28953
2024-02-15 10:00:00.000000 UTC,Outside,128212
2024-02-15 11:00:00.000000 UTC,Inside,27790
2024-02-15 11:00:00.000000 UTC,Outside,112989
2024-02-15 12:00:00.000000 UTC,Inside,30530
2024-02-15 12:00:00.000000 UTC,Outside,119564
2024-02-15 13:00:00.000000 UTC,Inside,33503
2024-02-15 13:00:00.000000 UTC,Outside,135828
2024-02-15 14:00:00.000000 UTC,Inside,42241
2024-02-15 14:00:00.000000 UTC,Outside,170933
2024-02-15 15:00:00.000000 UTC,Inside,57687
2024-02-15 15:00:00.000000 UTC,Outside,216618
2024-02-15 16:00:00.000000 UTC,Inside,73399
2024-02-15 16:00:00.000000 UTC,Outside,246259
2024-02-15 17:00:00.000000 UTC,Inside,105043
2024-02-15 17:00:00.000000 UTC,Outside,299644
2024-02-15 18:00:00.000000 UTC,Inside,80511
2024-02-15 18:00:00.000000 UTC,Outside,225159
2024-02-15 19:00:00.000000 UTC,Inside,47424
2024-02-15 19:00:00.000000 UTC,Outside,137132
2024-02-15 20:00:00.000000 UTC,Inside,33704
2024-02-15 20:00:00.000000 UTC,Outside,99755
2024-02-15 21:00:00.000000 UTC,Inside,28845
2024-02-15 21:00:00.000000 UTC,Outside,78223
2024-02-15 22:00:00.000000 UTC,Inside,22087
2024-02-15 22:00:00.000000 UTC,Outside,57055
2024-02-15 23:00:00.000000 UTC,Inside,13819
2024-02-15 23:00:00.000000 UTC,Outside,34022
2024-02-16 00:00:00.000000 UTC,Inside,6985
2024-02-16 00:00:00.000000 UTC,Outside,17215
2024-02-16 01:00:00.000000 UTC,Inside,2526
2024-02-16 01:00:00.000000 UTC,Outside,6778
2024-02-16 02:00:00.000000 UTC,Inside,1252
2024-02-16 02:00:00.000000 UTC,Outside,4510
2024-02-16 03:00:00.000000 UTC,Inside,930
2024-02-16 03:00:00.000000 UTC,Outside,5793
2024-02-16 04:00:00.000000 UTC,Inside,1412
2024-02-16 04:00:00.000000 UTC,Outside,15866
2024-02-16 05:00:00.000000 UTC,Inside,5694
2024-02-16 05:00:00.000000 UTC,Outside,55127
2024-02-16 06:00:00.000000 UTC,Inside,15598
2024-02-16 06:00:00.000000 UTC,Outside,120555
2024-02-16 07:00:00.000000 UTC,Inside,32394
2024-02-16 07:00:00.000000 UTC,Outside,237661
2024-02-16 08:00:00.000000 UTC,Inside,42504
2024-02-16 08:00:00.000000 UTC,Outside,244940
2024-02-16 09:00:00.000000 UTC,Inside,30761
2024-02-16 09:00:00.000000 UTC,Outside,156330
2024-02-16 10:00:00.000000 UTC,Inside,26108
2024-02-16 10:00:00.000000 UTC,Outside,118949
2024-02-16 11:00:00.000000 UTC,Inside,26351
2024-02-16 11:00:00.000000 UTC,Outside,113704
2024-02-16 12:00:00.000000 UTC,Inside,31302
2024-02-16 12:00:00.000000 UTC,Outside,123706
2024-02-16 13:00:00.000000 UTC,Inside,35978
2024-02-16 13:00:00.000000 UTC,Outside,143479
2024-02-16 14:00:00.000000 UTC,Inside,46214
2024-02-16 14:00:00.000000 UTC,Outside,183612
2024-02-16 15:00:00.000000 UTC,Inside,59570
2024-02-16 15:00:00.000000 UTC,Outside,221523
2024-02-16 16:00:00.000000 UTC,Inside,66858
2024-02-16 16:00:00.000000 UTC,Outside,229430
2024-02-16 17:00:00.000000 UTC,Inside,74583
2024-02-16 17:00:00.000000 UTC,Outside,239215
2024-02-16 18:00:00.000000 UTC,Inside,59665
2024-02-16 18:00:00.000000 UTC,Outside,189686
2024-02-16 19:00:00.000000 UTC,Inside,41952
2024-02-16 19:00:00.000000 UTC,Outside,133401
2024-02-16 20:00:00.000000 UTC,Inside,30911
2024-02-16 20:00:00.000000 UTC,Outside,96998
2024-02-16 21:00:00.000000 UTC,Inside,28023
2024-02-16 21:00:00.000000 UTC,Outside,77807
2024-02-16 22:00:00.000000 UTC,Inside,24783
2024-02-16 22:00:00.000000 UTC,Outside,65911
2024-02-16 23:00:00.000000 UTC,Inside,18018
2024-02-16 23:00:00.000000 UTC,Outside,45876
2024-02-17 00:00:00.000000 UTC,Inside,10842
2024-02-17 00:00:00.000000 UTC,Outside,26374
2024-02-17 01:00:00.000000 UTC,Inside,5303
2024-02-17 01:00:00.000000 UTC,Outside,12344
2024-02-17 02:00:00.000000 UTC,Inside,2852
2024-02-17 02:00:00.000000 UTC,Outside,7539
2024-02-17 03:00:00.000000 UTC,Inside,1703
2024-02-17 03:00:00.000000 UTC,Outside,6070
2024-02-17 04:00:00.000000 UTC,Inside,1427
2024-02-17 04:00:00.000000 UTC,Outside,9354
2024-02-17 05:00:00.000000 UTC,Inside,1787
2024-02-17 05:00:00.000000 UTC,Outside,18970
2024-02-17 06:00:00.000000 UTC,Inside,4125
2024-02-17 06:00:00.000000 UTC,Outside,36711
2024-02-17 07:00:00.000000 UTC,Inside,6907
2024-02-17 07:00:00.000000 UTC,Outside,54719
2024-02-17 08:00:00.000000 UTC,Inside,10462
2024-02-17 08:00:00.000000 UTC,Outside,68391
2024-02-17 09:00:00.000000 UTC,Inside,15029
2024-02-17 09:00:00.000000 UTC,Outside,79200
2024-02-17 10:00:00.000000 UTC,Inside,19541
2024-02-17 10:00:00.000000 UTC,Outside,88454
2024-02-17 11:00:00.000000 UTC,Inside,24262
2024-02-17 11:00:00.000000 UTC,Outside,98271
2024-02-17 12:00:00.000000 UTC,Inside,29445
2024-02-17 12:00:00.000000 UTC,Outside,110724
2024-02-17 13:00:00.000000 UTC,Inside,33051
2024-02-17 13:00:00.000000 UTC,Outside,119740
2024-02-17 14:00:00.000000 UTC,Inside,35608
2024-02-17 14:00:00.000000 UTC,Outside,124492
2024-02-17 15:00:00.000000 UTC,Inside,40132
2024-02-17 15:00:00.000000 UTC,Outside,131448
2024-02-17 16:00:00.000000 UTC,Inside,43390
2024-02-17 16:00:00.000000 UTC,Outside,133343
2024-02-17 17:00:00.000000 UTC,Inside,42953
2024-02-17 17:00:00.000000 UTC,Outside,132208
2024-02-17 18:00:00.000000 UTC,Inside,40886
2024-02-17 18:00:00.000000 UTC,Outside,121977
2024-02-17 19:00:00.000000 UTC,Inside,33854
2024-02-17 19:00:00.000000 UTC,Outside,99834
2024-02-17 20:00:00.000000 UTC,Inside,26274
2024-02-17 20:00:00.000000 UTC,Outside,74618
2024-02-17 21:00:00.000000 UTC,Inside,23022
2024-02-17 21:00:00.000000 UTC,Outside,63116
2024-02-17 22:00:00.000000 UTC,Inside,24996
2024-02-17 22:00:00.000000 UTC,Outside,55517
2024-02-17 23:00:00.000000 UTC,Inside,17592
2024-02-17 23:00:00.000000 UTC,Outside,41121
2024-02-18 00:00:00.000000 UTC,Inside,10088
2024-02-18 00:00:00.000000 UTC,Outside,24220
2024-02-18 01:00:00.000000 UTC,Inside,5319
2024-02-18 01:00:00.000000 UTC,Outside,12051
2024-02-18 02:00:00.000000 UTC,Inside,2764
2024-02-18 02:00:00.000000 UTC,Outside,7360
2024-02-18 03:00:00.000000 UTC,Inside,1626
2024-02-18 03:00:00.000000 UTC,Outside,5683
2024-02-18 04:00:00.000000 UTC,Inside,1423
2024-02-18 04:00:00.000000 UTC,Outside,7895
2024-02-18 05:00:00.000000 UTC,Inside,1420
2024-02-18 05:00:00.000000 UTC,Outside,13785
2024-02-18 06:00:00.000000 UTC,Inside,3014
2024-02-18 06:00:00.000000 UTC,Outside,25739
2024-02-18 07:00:00.000000 UTC,Inside,5067
2024-02-18 07:00:00.000000 UTC,Outside,38388
2024-02-18 08:00:00.000000 UTC,Inside,8439
2024-02-18 08:00:00.000000 UTC,Outside,51746
2024-02-18 09:00:00.000000 UTC,Inside,13075
2024-02-18 09:00:00.000000 UTC,Outside,67189
2024-02-18 10:00:00.000000 UTC,Inside,18143
2024-02-18 10:00:00.000000 UTC,Outside,81682
2024-02-18 11:00:00.000000 UTC,Inside,23660
2024-02-18 11:00:00.000000 UTC,Outside,92836
2024-02-18 12:00:00.000000 UTC,Inside,28213
2024-02-18 12:00:00.000000 UTC,Outside,105716
2024-02-18 13:00:00.000000 UTC,Inside,30780
2024-02-18 13:00:00.000000 UTC,Outside,111689
2024-02-18 14:00:00.000000 UTC,Inside,33643
2024-02-18 14:00:00.000000 UTC,Outside,115104
2024-02-18 15:00:00.000000 UTC,Inside,37628
2024-02-18 15:00:00.000000 UTC,Outside,117874
2024-02-18 16:00:00.000000 UTC,Inside,39014
2024-02-18 16:00:00.000000 UTC,Outside,116871
2024-02-18 17:00:00.000000 UTC,Inside,37851
2024-02-18 17:00:00.000000 UTC,Outside,112291
2024-02-18 18:00:00.000000 UTC,Inside,34795
2024-02-18 18:00:00.000000 UTC,Outside,97139
2024-02-18 19:00:00.000000 UTC,Inside,26997
2024-02-18 19:00:00.000000 UTC,Outside,74450
2024-02-18 20:00:00.000000 UTC,Inside,20979
2024-02-18 20:00:00.000000 UTC,Outside,56975
2024-02-18 21:00:00.000000 UTC,Inside,18206
2024-02-18 21:00:00.000000 UTC,Outside,48512
2024-02-18 22:00:00.000000 UTC,Inside,15622
2024-02-18 22:00:00.000000 UTC,Outside,40122
2024-02-18 23:00:00.000000 UTC,Inside,9553
2024-02-18 23:00:00.000000 UTC,Outside,26769
2024-02-19 00:00:00.000000 UTC,Inside,5145
2024-02-19 00:00:00.000000 UTC,Outside,13196
2024-02-19 01:00:00.000000 UTC,Inside,2097
2024-02-19 01:00:00.000000 UTC,Outside,5739
2024-02-19 02:00:00.000000 UTC,Inside,1178
2024-02-19 02:00:00.000000 UTC,Outside,4140
2024-02-19 03:00:00.000000 UTC,Inside,823
2024-02-19 03:00:00.000000 UTC,Outside,4881
2024-02-19 04:00:00.000000 UTC,Inside,1015
2024-02-19 04:00:00.000000 UTC,Outside,11077
2024-02-19 05:00:00.000000 UTC,Inside,3075
2024-02-19 05:00:00.000000 UTC,Outside,35179
2024-02-19 06:00:00.000000 UTC,Inside,7309
2024-02-19 06:00:00.000000 UTC,Outside,64868
2024-02-19 07:00:00.000000 UTC,Inside,12273
2024-02-19 07:00:00.000000 UTC,Outside,92075
2024-02-19 08:00:00.000000 UTC,Inside,18452
2024-02-19 08:00:00.000000 UTC,Outside,112649
2024-02-19 09:00:00.000000 UTC,Inside,19835
2024-02-19 09:00:00.000000 UTC,Outside,99092
2024-02-19 10:00:00.000000 UTC,Inside,20915
2024-02-19 10:00:00.000000 UTC,Outside,92800
2024-02-19 11:00:00.000000 UTC,Inside,23805
2024-02-19 11:00:00.000000 UTC,Outside,97366
2024-02-19 12:00:00.000000 UTC,Inside,27079
2024-02-19 12:00:00.000000 UTC,Outside,106021
2024-02-19 13:00:00.000000 UTC,Inside,30173
2024-02-19 13:00:00.000000 UTC,Outside,115649
2024-02-19 14:00:00.000000 UTC,Inside,34396
2024-02-19 14:00:00.000000 UTC,Outside,126039
2024-02-19 15:00:00.000000 UTC,Inside,41062
2024-02-19 15:00:00.000000 UTC,Outside,143908
2024-02-19 16:00:00.000000 UTC,Inside,44615
2024-02-19 16:00:00.000000 UTC,Outside,148970
2024-02-19 17:00:00.000000 UTC,Inside,47133
2024-02-19 17:00:00.000000 UTC,Outside,151363
2024-02-19 18:00:00.000000 UTC,Inside,41251
2024-02-19 18:00:00.000000 UTC,Outside,126049
2024-02-19 19:00:00.000000 UTC,Inside,28685
2024-02-19 19:00:00.000000 UTC,Outside,85776
2024-02-19 20:00:00.000000 UTC,Inside,21326
2024-02-19 20:00:00.000000 UTC,Outside,64930
2024-02-19 21:00:00.000000 UTC,Inside,16877
2024-02-19 21:00:00.000000 UTC,Outside,51392
2024-02-19 22:00:00.000000 UTC,Inside,12818
2024-02-19 22:00:00.000000 UTC,Outside,38934
2024-02-19 23:00:00.000000 UTC,Inside,7786
2024-02-19 23:00:00.000000 UTC,Outside,23131
2024-02-20 00:00:00.000000 UTC,Inside,3732
2024-02-20 00:00:00.000000 UTC,Outside,10748
2024-02-20 01:00:00.000000 UTC,Inside,1413
2024-02-20 01:00:00.000000 UTC,Outside,4386
2024-02-20 02:00:00.000000 UTC,Inside,800
2024-02-20 02:00:00.000000 UTC,Outside,3473
2024-02-20 03:00:00.000000 UTC,Inside,651
2024-02-20 03:00:00.000000 UTC,Outside,5153
2024-02-20 04:00:00.000000 UTC,Inside,1231
2024-02-20 04:00:00.000000 UTC,Outside,15727
2024-02-20 05:00:00.000000 UTC,Inside,5970
2024-02-20 05:00:00.000000 UTC,Outside,56584
2024-02-20 06:00:00.000000 UTC,Inside,16695
2024-02-20 06:00:00.000000 UTC,Outside,114914
2024-02-20 07:00:00.000000 UTC,Inside,35699
2024-02-20 07:00:00.000000 UTC,Outside,207501
2024-02-20 08:00:00.000000 UTC,Inside,65727
2024-02-20 08:00:00.000000 UTC,Outside,293358
2024-02-20 09:00:00.000000 UTC,Inside,44543
2024-02-20 09:00:00.000000 UTC,Outside,191553
2024-02-20 10:00:00.000000 UTC,Inside,27961
2024-02-20 10:00:00.000000 UTC,Outside,126304
2024-02-20 11:00:00.000000 UTC,Inside,26111
2024-02-20 11:00:00.000000 UTC,Outside,112961
2024-02-20 12:00:00.000000 UTC,Inside,28920
2024-02-20 12:00:00.000000 UTC,Outside,118969
2024-02-20 13:00:00.000000 UTC,Inside,31203
2024-02-20 13:00:00.000000 UTC,Outside,129238
2024-02-20 14:00:00.000000 UTC,Inside,37457
2024-02-20 14:00:00.000000 UTC,Outside,145506
2024-02-20 15:00:00.000000 UTC,Inside,50533
2024-02-20 15:00:00.000000 UTC,Outside,180506
2024-02-20 16:00:00.000000 UTC,Inside,68940
2024-02-20 16:00:00.000000 UTC,Outside,221467
2024-02-20 17:00:00.000000 UTC,Inside,103158
2024-02-20 17:00:00.000000 UTC,Outside,281825
2024-02-20 18:00:00.000000 UTC,Inside,77626
2024-02-20 18:00:00.000000 UTC,Outside,211417
2024-02-20 19:00:00.000000 UTC,Inside,43419
2024-02-20 19:00:00.000000 UTC,Outside,125281
2024-02-20 20:00:00.000000 UTC,Inside,29389
2024-02-20 20:00:00.000000 UTC,Outside,89776
2024-02-20 21:00:00.000000 UTC,Inside,26722
2024-02-20 21:00:00.000000 UTC,Outside,69568
2024-02-20 22:00:00.000000 UTC,Inside,18204
2024-02-20 22:00:00.000000 UTC,Outside,49232
2024-02-20 23:00:00.000000 UTC,Inside,9604
2024-02-20 23:00:00.000000 UTC,Outside,28140
2024-02-21 00:00:00.000000 UTC,Inside,5659
2024-02-21 00:00:00.000000 UTC,Outside,14063
2024-02-21 01:00:00.000000 UTC,Inside,1710
2024-02-21 01:00:00.000000 UTC,Outside,5047
2024-02-21 02:00:00.000000 UTC,Inside,956
2024-02-21 02:00:00.000000 UTC,Outside,3643
2024-02-21 03:00:00.000000 UTC,Inside,686
2024-02-21 03:00:00.000000 UTC,Outside,5112
2024-02-21 04:00:00.000000 UTC,Inside,1276
2024-02-21 04:00:00.000000 UTC,Outside,16007
2024-02-21 05:00:00.000000 UTC,Inside,5968
2024-02-21 05:00:00.000000 UTC,Outside,57713
2024-02-21 06:00:00.000000 UTC,Inside,17029
2024-02-21 06:00:00.000000 UTC,Outside,117631
2024-02-21 07:00:00.000000 UTC,Inside,34901
2024-02-21 07:00:00.000000 UTC,Outside,216358
2024-02-21 08:00:00.000000 UTC,Inside,63875
2024-02-21 08:00:00.000000 UTC,Outside,298250
2024-02-21 09:00:00.000000 UTC,Inside,48396
2024-02-21 09:00:00.000000 UTC,Outside,195468
2024-02-21 10:00:00.000000 UTC,Inside,28644
2024-02-21 10:00:00.000000 UTC,Outside,130373
2024-02-21 11:00:00.000000 UTC,Inside,26635
2024-02-21 11:00:00.000000 UTC,Outside,117016
2024-02-21 12:00:00.000000 UTC,Inside,29937
2024-02-21 12:00:00.000000 UTC,Outside,122329
2024-02-21 13:00:00.000000 UTC,Inside,33220
2024-02-21 13:00:00.000000 UTC,Outside,132603
2024-02-21 14:00:00.000000 UTC,Inside,39020
2024-02-21 14:00:00.000000 UTC,Outside,148116
2024-02-21 15:00:00.000000 UTC,Inside,52417
2024-02-21 15:00:00.000000 UTC,Outside,183389
2024-02-21 16:00:00.000000 UTC,Inside,72546
2024-02-21 16:00:00.000000 UTC,Outside,227261
2024-02-21 17:00:00.000000 UTC,Inside,105683
2024-02-21 17:00:00.000000 UTC,Outside,284761
2024-02-21 18:00:00.000000 UTC,Inside,78598
2024-02-21 18:00:00.000000 UTC,Outside,215271
2024-02-21 19:00:00.000000 UTC,Inside,46421
2024-02-21 19:00:00.000000 UTC,Outside,128397
2024-02-21 20:00:00.000000 UTC,Inside,32224
2024-02-21 20:00:00.000000 UTC,Outside,93264
2024-02-21 21:00:00.000000 UTC,Inside,25954
2024-02-21 21:00:00.000000 UTC,Outside,72190
2024-02-21 22:00:00.000000 UTC,Inside,19841
2024-02-21 22:00:00.000000 UTC,Outside,53108
2024-02-21 23:00:00.000000 UTC,Inside,10795
2024-02-21 23:00:00.000000 UTC,Outside,30120
2024-02-22 00:00:00.000000 UTC,Inside,5909
2024-02-22 00:00:00.000000 UTC,Outside,15010
2024-02-22 01:00:00.000000 UTC,Inside,1977
2024-02-22 01:00:00.000000 UTC,Outside,5758
2024-02-22 02:00:00.000000 UTC,Inside,1107
2024-02-22 02:00:00.000000 UTC,Outside,3935
2024-02-22 03:00:00.000000 UTC,Inside,777
2024-02-22 03:00:00.000000 UTC,Outside,5401
2024-02-22 04:00:00.000000 UTC,Inside,1353
2024-02-22 04:00:00.000000 UTC,Outside,15937
2024-02-22 05:00:00.000000 UTC,Inside,6181
2024-02-22 05:00:00.000000 UTC,Outside,56898
2024-02-22 06:00:00.000000 UTC,Inside,16238
2024-02-22 06:00:00.000000 UTC,Outside,116302
2024-02-22 07:00:00.000000 UTC,Inside,34793
2024-02-22 07:00:00.000000 UTC,Outside,210081
2024-02-22 08:00:00.000000 UTC,Inside,61648
2024-02-22 08:00:00.000000 UTC,Outside,284565
2024-02-22 09:00:00.000000 UTC,Inside,43978
2024-02-22 09:00:00.000000 UTC,Outside,190670
2024-02-22 10:00:00.000000 UTC,Inside,28336
2024-02-22 10:00:00.000000 UTC,Outside,128614
2024-02-22 11:00:00.000000 UTC,Inside,27083
2024-02-22 11:00:00.000000 UTC,Outside,116114
2024-02-22 12:00:00.000000 UTC,Inside,30202
2024-02-22 12:00:00.000000 UTC,Outside,122164
2024-02-22 13:00:00.000000 UTC,Inside,33732
2024-02-22 13:00:00.000000 UTC,Outside,135122
2024-02-22 14:00:00.000000 UTC,Inside,39571
2024-02-22 14:00:00.000000 UTC,Outside,150279
2024-02-22 15:00:00.000000 UTC,Inside,52120
2024-02-22 15:00:00.000000 UTC,Outside,189334
2024-02-22 16:00:00.000000 UTC,Inside,73883
2024-02-22 16:00:00.000000 UTC,Outside,235794
2024-02-22 17:00:00.000000 UTC,Inside,101028
2024-02-22 17:00:00.000000 UTC,Outside,279256
2024-02-22 18:00:00.000000 UTC,Inside,77139
2024-02-22 18:00:00.000000 UTC,Outside,211057
2024-02-22 19:00:00.000000 UTC,Inside,46693
2024-02-22 19:00:00.000000 UTC,Outside,131478
2024-02-22 20:00:00.000000 UTC,Inside,32846
2024-02-22 20:00:00.000000 UTC,Outside,94975
2024-02-22 21:00:00.000000 UTC,Inside,28590
2024-02-22 21:00:00.000000 UTC,Outside,75548
2024-02-22 22:00:00.000000 UTC,Inside,21691
2024-02-22 22:00:00.000000 UTC,Outside,56148
2024-02-22 23:00:00.000000 UTC,Inside,13231
2024-02-22 23:00:00.000000 UTC,Outside,35209
2024-02-23 00:00:00.000000 UTC,Inside,7211
2024-02-23 00:00:00.000000 UTC,Outside,17423
2024-02-23 01:00:00.000000 UTC,Inside,2571
2024-02-23 01:00:00.000000 UTC,Outside,7075
2024-02-23 02:00:00.000000 UTC,Inside,1381
2024-02-23 02:00:00.000000 UTC,Outside,4529
2024-02-23 03:00:00.000000 UTC,Inside,988
2024-02-23 03:00:00.000000 UTC,Outside,5650
2024-02-23 04:00:00.000000 UTC,Inside,1419
2024-02-23 04:00:00.000000 UTC,Outside,15487
2024-02-23 05:00:00.000000 UTC,Inside,5640
2024-02-23 05:00:00.000000 UTC,Outside,53727
2024-02-23 06:00:00.000000 UTC,Inside,14072
2024-02-23 06:00:00.000000 UTC,Outside,103835
2024-02-23 07:00:00.000000 UTC,Inside,25824
2024-02-23 07:00:00.000000 UTC,Outside,173347
2024-02-23 08:00:00.000000 UTC,Inside,37691
2024-02-23 08:00:00.000000 UTC,Outside,206705
2024-02-23 09:00:00.000000 UTC,Inside,30764
2024-02-23 09:00:00.000000 UTC,Outside,149577
2024-02-23 10:00:00.000000 UTC,Inside,24509
2024-02-23 10:00:00.000000 UTC,Outside,116310
2024-02-23 11:00:00.000000 UTC,Inside,26770
2024-02-23 11:00:00.000000 UTC,Outside,111310
2024-02-23 12:00:00.000000 UTC,Inside,30067
2024-02-23 12:00:00.000000 UTC,Outside,121479
2024-02-23 13:00:00.000000 UTC,Inside,34007
2024-02-23 13:00:00.000000 UTC,Outside,135044
2024-02-23 14:00:00.000000 UTC,Inside,40219
2024-02-23 14:00:00.000000 UTC,Outside,154004
2024-02-23 15:00:00.000000 UTC,Inside,51144
2024-02-23 15:00:00.000000 UTC,Outside,188715
2024-02-23 16:00:00.000000 UTC,Inside,62878
2024-02-23 16:00:00.000000 UTC,Outside,209730
2024-02-23 17:00:00.000000 UTC,Inside,71948
2024-02-23 17:00:00.000000 UTC,Outside,229556
2024-02-23 18:00:00.000000 UTC,Inside,57706
2024-02-23 18:00:00.000000 UTC,Outside,183111
2024-02-23 19:00:00.000000 UTC,Inside,42143
2024-02-23 19:00:00.000000 UTC,Outside,129806
2024-02-23 20:00:00.000000 UTC,Inside,31493
2024-02-23 20:00:00.000000 UTC,Outside,93135
2024-02-23 21:00:00.000000 UTC,Inside,27037
2024-02-23 21:00:00.000000 UTC,Outside,77213
2024-02-23 22:00:00.000000 UTC,Inside,25801
2024-02-23 22:00:00.000000 UTC,Outside,67755
2024-02-23 23:00:00.000000 UTC,Inside,18335
2024-02-23 23:00:00.000000 UTC,Outside,47360
2024-02-24 00:00:00.000000 UTC,Inside,11638
2024-02-24 00:00:00.000000 UTC,Outside,27358
2024-02-24 01:00:00.000000 UTC,Inside,5728
2024-02-24 01:00:00.000000 UTC,Outside,13021
2024-02-24 02:00:00.000000 UTC,Inside,3297
2024-02-24 02:00:00.000000 UTC,Outside,7731
2024-02-24 03:00:00.000000 UTC,Inside,1775
2024-02-24 03:00:00.000000 UTC,Outside,6236
2024-02-24 04:00:00.000000 UTC,Inside,1523
2024-02-24 04:00:00.000000 UTC,Outside,9505
2024-02-24 05:00:00.000000 UTC,Inside,2112
2024-02-24 05:00:00.000000 UTC,Outside,19690
2024-02-24 06:00:00.000000 UTC,Inside,4679
2024-02-24 06:00:00.000000 UTC,Outside,38999
2024-02-24 07:00:00.000000 UTC,Inside,7551
2024-02-24 07:00:00.000000 UTC,Outside,57971
2024-02-24 08:00:00.000000 UTC,Inside,11142
2024-02-24 08:00:00.000000 UTC,Outside,73451
2024-02-24 09:00:00.000000 UTC,Inside,15671
2024-02-24 09:00:00.000000 UTC,Outside,86140
2024-02-24 10:00:00.000000 UTC,Inside,19988
2024-02-24 10:00:00.000000 UTC,Outside,92907
2024-02-24 11:00:00.000000 UTC,Inside,25238
2024-02-24 11:00:00.000000 UTC,Outside,105619
2024-02-24 12:00:00.000000 UTC,Inside,30069
2024-02-24 12:00:00.000000 UTC,Outside,118733
2024-02-24 13:00:00.000000 UTC,Inside,33910
2024-02-24 13:00:00.000000 UTC,Outside,128062
2024-02-24 14:00:00.000000 UTC,Inside,36325
2024-02-24 14:00:00.000000 UTC,Outside,134342
2024-02-24 15:00:00.000000 UTC,Inside,41756
2024-02-24 15:00:00.000000 UTC,Outside,142479
2024-02-24 16:00:00.000000 UTC,Inside,44650
2024-02-24 16:00:00.000000 UTC,Outside,142727
2024-02-24 17:00:00.000000 UTC,Inside,45180
2024-02-24 17:00:00.000000 UTC,Outside,140357
2024-02-24 18:00:00.000000 UTC,Inside,42594
2024-02-24 18:00:00.000000 UTC,Outside,130414
2024-02-24 19:00:00.000000 UTC,Inside,35174
2024-02-24 19:00:00.000000 UTC,Outside,104995
2024-02-24 20:00:00.000000 UTC,Inside,26806
2024-02-24 20:00:00.000000 UTC,Outside,77970
2024-02-24 21:00:00.000000 UTC,Inside,23584
2024-02-24 21:00:00.000000 UTC,Outside,64337
2024-02-24 22:00:00.000000 UTC,Inside,24411
2024-02-24 22:00:00.000000 UTC,Outside,60208
2024-02-24 23:00:00.000000 UTC,Inside,19424
2024-02-24 23:00:00.000000 UTC,Outside,45324
2024-02-25 00:00:00.000000 UTC,Inside,10112
2024-02-25 00:00:00.000000 UTC,Outside,24382
2024-02-25 01:00:00.000000 UTC,Inside,4866
2024-02-25 01:00:00.000000 UTC,Outside,12133
2024-02-25 02:00:00.000000 UTC,Inside,2711
2024-02-25 02:00:00.000000 UTC,Outside,7489
2024-02-25 03:00:00.000000 UTC,Inside,1707
2024-02-25 03:00:00.000000 UTC,Outside,5599
2024-02-25 04:00:00.000000 UTC,Inside,1447
2024-02-25 04:00:00.000000 UTC,Outside,7856
2024-02-25 05:00:00.000000 UTC,Inside,1506
2024-02-25 05:00:00.000000 UTC,Outside,14076
2024-02-25 06:00:00.000000 UTC,Inside,3247
2024-02-25 06:00:00.000000 UTC,Outside,26967
2024-02-25 07:00:00.000000 UTC,Inside,5488
2024-02-25 07:00:00.000000 UTC,Outside,39975
2024-02-25 08:00:00.000000 UTC,Inside,8455
2024-02-25 08:00:00.000000 UTC,Outside,52591
2024-02-25 09:00:00.000000 UTC,Inside,12409
2024-02-25 09:00:00.000000 UTC,Outside,66964
2024-02-25 10:00:00.000000 UTC,Inside,15937
2024-02-25 10:00:00.000000 UTC,Outside,78937
2024-02-25 11:00:00.000000 UTC,Inside,20874
2024-02-25 11:00:00.000000 UTC,Outside,89582
2024-02-25 12:00:00.000000 UTC,Inside,24634
2024-02-25 12:00:00.000000 UTC,Outside,101747
2024-02-25 13:00:00.000000 UTC,Inside,28084
2024-02-25 13:00:00.000000 UTC,Outside,107329
2024-02-25 14:00:00.000000 UTC,Inside,32268
2024-02-25 14:00:00.000000 UTC,Outside,111259
2024-02-25 15:00:00.000000 UTC,Inside,36328
2024-02-25 15:00:00.000000 UTC,Outside,111023
2024-02-25 16:00:00.000000 UTC,Inside,37271
2024-02-25 16:00:00.000000 UTC,Outside,109740
2024-02-25 17:00:00.000000 UTC,Inside,37534
2024-02-25 17:00:00.000000 UTC,Outside,103850
2024-02-25 18:00:00.000000 UTC,Inside,31981
2024-02-25 18:00:00.000000 UTC,Outside,90319
2024-02-25 19:00:00.000000 UTC,Inside,22782
2024-02-25 19:00:00.000000 UTC,Outside,67494
2024-02-25 20:00:00.000000 UTC,Inside,17697
2024-02-25 20:00:00.000000 UTC,Outside,50825
2024-02-25 21:00:00.000000 UTC,Inside,14435
2024-02-25 21:00:00.000000 UTC,Outside,44211
2024-02-25 22:00:00.000000 UTC,Inside,11411
2024-02-25 22:00:00.000000 UTC,Outside,34598
2024-02-25 23:00:00.000000 UTC,Inside,7191
2024-02-25 23:00:00.000000 UTC,Outside,21403
2024-02-26 00:00:00.000000 UTC,Inside,3548
2024-02-26 00:00:00.000000 UTC,Outside,10573
2024-02-26 01:00:00.000000 UTC,Inside,1463
2024-02-26 01:00:00.000000 UTC,Outside,4458
2024-02-26 02:00:00.000000 UTC,Inside,740
2024-02-26 02:00:00.000000 UTC,Outside,3451
2024-02-26 03:00:00.000000 UTC,Inside,655
2024-02-26 03:00:00.000000 UTC,Outside,5022
2024-02-26 04:00:00.000000 UTC,Inside,1262
2024-02-26 04:00:00.000000 UTC,Outside,16116
2024-02-26 05:00:00.000000 UTC,Inside,6115
2024-02-26 05:00:00.000000 UTC,Outside,57166
2024-02-26 06:00:00.000000 UTC,Inside,17861
2024-02-26 06:00:00.000000 UTC,Outside,132175
2024-02-26 07:00:00.000000 UTC,Inside,39888
2024-02-26 07:00:00.000000 UTC,Outside,265677
2024-02-26 08:00:00.000000 UTC,Inside,56449
2024-02-26 08:00:00.000000 UTC,Outside,291914
2024-02-26 09:00:00.000000 UTC,Inside,37261
2024-02-26 09:00:00.000000 UTC,Outside,171922
2024-02-26 10:00:00.000000 UTC,Inside,25431
2024-02-26 10:00:00.000000 UTC,Outside,115796
2024-02-26 11:00:00.000000 UTC,Inside,23525
2024-02-26 11:00:00.000000 UTC,Outside,102473
2024-02-26 12:00:00.000000 UTC,Inside,26268
2024-02-26 12:00:00.000000 UTC,Outside,108886
2024-02-26 13:00:00.000000 UTC,Inside,29316
2024-02-26 13:00:00.000000 UTC,Outside,124558
2024-02-26 14:00:00.000000 UTC,Inside,37989
2024-02-26 14:00:00.000000 UTC,Outside,157573
2024-02-26 15:00:00.000000 UTC,Inside,52744
2024-02-26 15:00:00.000000 UTC,Outside,202433
2024-02-26 16:00:00.000000 UTC,Inside,65450
2024-02-26 16:00:00.000000 UTC,Outside,229747
2024-02-26 17:00:00.000000 UTC,Inside,89055
2024-02-26 17:00:00.000000 UTC,Outside,267049
2024-02-26 18:00:00.000000 UTC,Inside,68472
2024-02-26 18:00:00.000000 UTC,Outside,200482
2024-02-26 19:00:00.000000 UTC,Inside,37969
2024-02-26 19:00:00.000000 UTC,Outside,117213
2024-02-26 20:00:00.000000 UTC,Inside,25566
2024-02-26 20:00:00.000000 UTC,Outside,83688
2024-02-26 21:00:00.000000 UTC,Inside,19293
2024-02-26 21:00:00.000000 UTC,Outside,62099
2024-02-26 22:00:00.000000 UTC,Inside,14957
2024-02-26 22:00:00.000000 UTC,Outside,47199
2024-02-26 23:00:00.000000 UTC,Inside,8486
2024-02-26 23:00:00.000000 UTC,Outside,27289
2024-02-27 00:00:00.000000 UTC,Inside,5015
2024-02-27 00:00:00.000000 UTC,Outside,13480
2024-02-27 01:00:00.000000 UTC,Inside,1474
2024-02-27 01:00:00.000000 UTC,Outside,5027
2024-02-27 02:00:00.000000 UTC,Inside,865
2024-02-27 02:00:00.000000 UTC,Outside,3793
2024-02-27 03:00:00.000000 UTC,Inside,733
2024-02-27 03:00:00.000000 UTC,Outside,5295
2024-02-27 04:00:00.000000 UTC,Inside,1244
2024-02-27 04:00:00.000000 UTC,Outside,16548
2024-02-27 05:00:00.000000 UTC,Inside,6378
2024-02-27 05:00:00.000000 UTC,Outside,60450
2024-02-27 06:00:00.000000 UTC,Inside,18951
2024-02-27 06:00:00.000000 UTC,Outside,137940
2024-02-27 07:00:00.000000 UTC,Inside,43871
2024-02-27 07:00:00.000000 UTC,Outside,286006
2024-02-27 08:00:00.000000 UTC,Inside,71007
2024-02-27 08:00:00.000000 UTC,Outside,339887
2024-02-27 09:00:00.000000 UTC,Inside,46147
2024-02-27 09:00:00.000000 UTC,Outside,199686
2024-02-27 10:00:00.000000 UTC,Inside,27483
2024-02-27 10:00:00.000000 UTC,Outside,124660
2024-02-27 11:00:00.000000 UTC,Inside,25248
2024-02-27 11:00:00.000000 UTC,Outside,109144
2024-02-27 12:00:00.000000 UTC,Inside,27656
2024-02-27 12:00:00.000000 UTC,Outside,114764
2024-02-27 13:00:00.000000 UTC,Inside,31425
2024-02-27 13:00:00.000000 UTC,Outside,131818
2024-02-27 14:00:00.000000 UTC,Inside,40305
2024-02-27 14:00:00.000000 UTC,Outside,166298
2024-02-27 15:00:00.000000 UTC,Inside,56623
2024-02-27 15:00:00.000000 UTC,Outside,212778
2024-02-27 16:00:00.000000 UTC,Inside,73459
2024-02-27 16:00:00.000000 UTC,Outside,246187
2024-02-27 17:00:00.000000 UTC,Inside,111298
2024-02-27 17:00:00.000000 UTC,Outside,306365
2024-02-27 18:00:00.000000 UTC,Inside,82472
2024-02-27 18:00:00.000000 UTC,Outside,223925
2024-02-27 19:00:00.000000 UTC,Inside,44741
2024-02-27 19:00:00.000000 UTC,Outside,125544
2024-02-27 20:00:00.000000 UTC,Inside,29571
2024-02-27 20:00:00.000000 UTC,Outside,86595
2024-02-27 21:00:00.000000 UTC,Inside,25544
2024-02-27 21:00:00.000000 UTC,Outside,69061
2024-02-27 22:00:00.000000 UTC,Inside,18119
2024-02-27 22:00:00.000000 UTC,Outside,49331
2024-02-27 23:00:00.000000 UTC,Inside,9500
2024-02-27 23:00:00.000000 UTC,Outside,29127
2024-02-28 00:00:00.000000 UTC,Inside,5428
2024-02-28 00:00:00.000000 UTC,Outside,14095
2024-02-28 01:00:00.000000 UTC,Inside,1794
2024-02-28 01:00:00.000000 UTC,Outside,5247
2024-02-28 02:00:00.000000 UTC,Inside,889
2024-02-28 02:00:00.000000 UTC,Outside,3764
2024-02-28 03:00:00.000000 UTC,Inside,725
2024-02-28 03:00:00.000000 UTC,Outside,5113
2024-02-28 04:00:00.000000 UTC,Inside,1301
2024-02-28 04:00:00.000000 UTC,Outside,16366
2024-02-28 05:00:00.000000 UTC,Inside,6181
2024-02-28 05:00:00.000000 UTC,Outside,59138
2024-02-28 06:00:00.000000 UTC,Inside,18724
2024-02-28 06:00:00.000000 UTC,Outside,132851
2024-02-28 07:00:00.000000 UTC,Inside,43151
2024-02-28 07:00:00.000000 UTC,Outside,277962
2024-02-28 08:00:00.000000 UTC,Inside,69155
2024-02-28 08:00:00.000000 UTC,Outside,337287
2024-02-28 09:00:00.000000 UTC,Inside,46682
2024-02-28 09:00:00.000000 UTC,Outside,199388
2024-02-28 10:00:00.000000 UTC,Inside,27620
2024-02-28 10:00:00.000000 UTC,Outside,125495
2024-02-28 11:00:00.000000 UTC,Inside,25679
2024-02-28 11:00:00.000000 UTC,Outside,110559
2024-02-28 12:00:00.000000 UTC,Inside,28625
2024-02-28 12:00:00.000000 UTC,Outside,116474
2024-02-28 13:00:00.000000 UTC,Inside,33096
2024-02-28 13:00:00.000000 UTC,Outside,135041
2024-02-28 14:00:00.000000 UTC,Inside,42692
2024-02-28 14:00:00.000000 UTC,Outside,167392
2024-02-28 15:00:00.000000 UTC,Inside,56301
2024-02-28 15:00:00.000000 UTC,Outside,208706
2024-02-28 16:00:00.000000 UTC,Inside,75207
2024-02-28 16:00:00.000000 UTC,Outside,238494
2024-02-28 17:00:00.000000 UTC,Inside,106823
2024-02-28 17:00:00.000000 UTC,Outside,293503
2024-02-28 18:00:00.000000 UTC,Inside,77623
2024-02-28 18:00:00.000000 UTC,Outside,215616
2024-02-28 19:00:00.000000 UTC,Inside,43789
2024-02-28 19:00:00.000000 UTC,Outside,127797
2024-02-28 20:00:00.000000 UTC,Inside,30626
2024-02-28 20:00:00.000000 UTC,Outside,93877
2024-02-28 21:00:00.000000 UTC,Inside,26720
2024-02-28 21:00:00.000000 UTC,Outside,74067
2024-02-28 22:00:00.000000 UTC,Inside,20318
2024-02-28 22:00:00.000000 UTC,Outside,54388
2024-02-28 23:00:00.000000 UTC,Inside,10660
2024-02-28 23:00:00.000000 UTC,Outside,31214
2024-02-29 00:00:00.000000 UTC,Inside,5804
2024-02-29 00:00:00.000000 UTC,Outside,15083
2024-02-29 01:00:00.000000 UTC,Inside,1917
2024-02-29 01:00:00.000000 UTC,Outside,5639
2024-02-29 02:00:00.000000 UTC,Inside,994
2024-02-29 02:00:00.000000 UTC,Outside,3879
2024-02-29 03:00:00.000000 UTC,Inside,736
2024-02-29 03:00:00.000000 UTC,Outside,5357
2024-02-29 04:00:00.000000 UTC,Inside,1417
2024-02-29 04:00:00.000000 UTC,Outside,16825
2024-02-29 05:00:00.000000 UTC,Inside,6327
2024-02-29 05:00:00.000000 UTC,Outside,58849
2024-02-29 06:00:00.000000 UTC,Inside,19049
2024-02-29 06:00:00.000000 UTC,Outside,136387
2024-02-29 07:00:00.000000 UTC,Inside,42268
2024-02-29 07:00:00.000000 UTC,Outside,281301
2024-02-29 08:00:00.000000 UTC,Inside,66960
2024-02-29 08:00:00.000000 UTC,Outside,326842
2024-02-29 09:00:00.000000 UTC,Inside,46321
2024-02-29 09:00:00.000000 UTC,Outside,200806
2024-02-29 10:00:00.000000 UTC,Inside,28836
2024-02-29 10:00:00.000000 UTC,Outside,128773
2024-02-29 11:00:00.000000 UTC,Inside,27615
2024-02-29 11:00:00.000000 UTC,Outside,114114
2024-02-29 12:00:00.000000 UTC,Inside,29940
2024-02-29 12:00:00.000000 UTC,Outside,120040
2024-02-29 13:00:00.000000 UTC,Inside,33683
2024-02-29 13:00:00.000000 UTC,Outside,136067
2024-02-29 14:00:00.000000 UTC,Inside,42526
2024-02-29 14:00:00.000000 UTC,Outside,170370
2024-02-29 15:00:00.000000 UTC,Inside,58597
2024-02-29 15:00:00.000000 UTC,Outside,217920
2024-02-29 16:00:00.000000 UTC,Inside,73903
2024-02-29 16:00:00.000000 UTC,Outside,245237
2024-02-29 17:00:00.000000 UTC,Inside,104720
2024-02-29 17:00:00.000000 UTC,Outside,296334
2024-02-29 18:00:00.000000 UTC,Inside,83152
2024-02-29 18:00:00.000000 UTC,Outside,232546
2024-02-29 19:00:00.000000 UTC,Inside,48576
2024-02-29 19:00:00.000000 UTC,Outside,142257
2024-02-29 20:00:00.000000 UTC,Inside,34324
2024-02-29 20:00:00.000000 UTC,Outside,101576
2024-02-29 21:00:00.000000 UTC,Inside,32258
2024-02-29 21:00:00.000000 UTC,Outside,78316
2024-02-29 22:00:00.000000 UTC,Inside,27307
2024-02-29 22:00:00.000000 UTC,Outside,63956
2024-02-29 23:00:00.000000 UTC,Inside,13322
2024-02-29 23:00:00.000000 UTC,Outside,37098
2025-01-01 00:00:00.000000 UTC,Inside,22440
2025-01-01 00:00:00.000000 UTC,Outside,51043
2025-01-01 01:00:00.000000 UTC,Inside,20750
2025-01-01 01:00:00.000000 UTC,Outside,50400
2025-01-01 02:00:00.000000 UTC,Inside,12039
2025-01-01 02:00:00.000000 UTC,Outside,29065
2025-01-01 03:00:00.000000 UTC,Inside,5507
2025-01-01 03:00:00.000000 UTC,Outside,14441
2025-01-01 04:00:00.000000 UTC,Inside,3012
2025-01-01 04:00:00.000000 UTC,Outside,11308
2025-01-01 05:00:00.000000 UTC,Inside,2093
2025-01-01 05:00:00.000000 UTC,Outside,15166
2025-01-01 06:00:00.000000 UTC,Inside,3223
2025-01-01 06:00:00.000000 UTC,Outside,25533
2025-01-01 07:00:00.000000 UTC,Inside,4923
2025-01-01 07:00:00.000000 UTC,Outside,36303
2025-01-01 08:00:00.000000 UTC,Inside,5998
2025-01-01 08:00:00.000000 UTC,Outside,41888
2025-01-01 09:00:00.000000 UTC,Inside,8549
2025-01-01 09:00:00.000000 UTC,Outside,46540
2025-01-01 10:00:00.000000 UTC,Inside,12803
2025-01-01 10:00:00.000000 UTC,Outside,57129
2025-01-01 11:00:00.000000 UTC,Inside,17957
2025-01-01 11:00:00.000000 UTC,Outside,70407
2025-01-01 12:00:00.000000 UTC,Inside,22416
2025-01-01 12:00:00.000000 UTC,Outside,83989
2025-01-01 13:00:00.000000 UTC,Inside,26808
2025-01-01 13:00:00.000000 UTC,Outside,99065
2025-01-01 14:00:00.000000 UTC,Inside,30982
2025-01-01 14:00:00.000000 UTC,Outside,109429
2025-01-01 15:00:00.000000 UTC,Inside,34912
2025-01-01 15:00:00.000000 UTC,Outside,114644
2025-01-01 16:00:00.000000 UTC,Inside,35140
2025-01-01 16:00:00.000000 UTC,Outside,108242
2025-01-01 17:00:00.000000 UTC,Inside,35968
2025-01-01 17:00:00.000000 UTC,Outside,104618
2025-01-01 18:00:00.000000 UTC,Inside,32138
2025-01-01 18:00:00.000000 UTC,Outside,88361
2025-01-01 19:00:00.000000 UTC,Inside,25187
2025-01-01 19:00:00.000000 UTC,Outside,66435
2025-01-01 20:00:00.000000 UTC,Inside,20259
2025-01-01 20:00:00.000000 UTC,Outside,54794
2025-01-01 21:00:00.000000 UTC,Inside,19721
2025-01-01 21:00:00.000000 UTC,Outside,46594
2025-01-01 22:00:00.000000 UTC,Inside,16537
2025-01-01 22:00:00.000000 UTC,Outside,38627
2025-01-01 23:00:00.000000 UTC,Inside,9001
2025-01-01 23:00:00.000000 UTC,Outside,24029
2025-01-02 00:00:00.000000 UTC,Inside,4916
2025-01-02 00:00:00.000000 UTC,Outside,12172
2025-01-02 01:00:00.000000 UTC,Inside,1831
2025-01-02 01:00:00.000000 UTC,Outside,5322
2025-01-02 02:00:00.000000 UTC,Inside,989
2025-01-02 02:00:00.000000 UTC,Outside,3925
2025-01-02 03:00:00.000000 UTC,Inside,739
2025-01-02 03:00:00.000000 UTC,Outside,5342
2025-01-02 04:00:00.000000 UTC,Inside,1181
2025-01-02 04:00:00.000000 UTC,Outside,15842
2025-01-02 05:00:00.000000 UTC,Inside,5678
2025-01-02 05:00:00.000000 UTC,Outside,53483
2025-01-02 06:00:00.000000 UTC,Inside,15999
2025-01-02 06:00:00.000000 UTC,Outside,114379
2025-01-02 07:00:00.000000 UTC,Inside,30276
2025-01-02 07:00:00.000000 UTC,Outside,213933
2025-01-02 08:00:00.000000 UTC,Inside,41769
2025-01-02 08:00:00.000000 UTC,Outside,230896
2025-01-02 09:00:00.000000 UTC,Inside,30895
2025-01-02 09:00:00.000000 UTC,Outside,150147
2025-01-02 10:00:00.000000 UTC,Inside,27064
2025-01-02 10:00:00.000000 UTC,Outside,118715
2025-01-02 11:00:00.000000 UTC,Inside,29352
2025-01-02 11:00:00.000000 UTC,Outside,116550
2025-01-02 12:00:00.000000 UTC,Inside,32863
2025-01-02 12:00:00.000000 UTC,Outside,124455
2025-01-02 13:00:00.000000 UTC,Inside,37273
2025-01-02 13:00:00.000000 UTC,Outside,142272
2025-01-02 14:00:00.000000 UTC,Inside,47854
2025-01-02 14:00:00.000000 UTC,Outside,178904
2025-01-02 15:00:00.000000 UTC,Inside,62005
2025-01-02 15:00:00.000000 UTC,Outside,218200
2025-01-02 16:00:00.000000 UTC,Inside,73550
2025-01-02 16:00:00.000000 UTC,Outside,235217
2025-01-02 17:00:00.000000 UTC,Inside,88262
2025-01-02 17:00:00.000000 UTC,Outside,253284
2025-01-02 18:00:00.000000 UTC,Inside,62091
2025-01-02 18:00:00.000000 UTC,Outside,175791
2025-01-02 19:00:00.000000 UTC,Inside,39451
2025-01-02 19:00:00.000000 UTC,Outside,110626
2025-01-02 20:00:00.000000 UTC,Inside,28844
2025-01-02 20:00:00.000000 UTC,Outside,81934
2025-01-02 21:00:00.000000 UTC,Inside,26592
2025-01-02 21:00:00.000000 UTC,Outside,68355
2025-01-02 22:00:00.000000 UTC,Inside,22712
2025-01-02 22:00:00.000000 UTC,Outside,52338
2025-01-02 23:00:00.000000 UTC,Inside,12167
2025-01-02 23:00:00.000000 UTC,Outside,32395
2025-01-03 00:00:00.000000 UTC,Inside,7269
2025-01-03 00:00:00.000000 UTC,Outside,16989
2025-01-03 01:00:00.000000 UTC,Inside,2522
2025-01-03 01:00:00.000000 UTC,Outside,7092
2025-01-03 02:00:00.000000 UTC,Inside,1288
2025-01-03 02:00:00.000000 UTC,Outside,4670
2025-01-03 03:00:00.000000 UTC,Inside,855
2025-01-03 03:00:00.000000 UTC,Outside,5743
2025-01-03 04:00:00.000000 UTC,Inside,1300
2025-01-03 04:00:00.000000 UTC,Outside,16277
2025-01-03 05:00:00.000000 UTC,Inside,5713
2025-01-03 05:00:00.000000 UTC,Outside,53575
2025-01-03 06:00:00.000000 UTC,Inside,15066
2025-01-03 06:00:00.000000 UTC,Outside,112538
2025-01-03 07:00:00.000000 UTC,Inside,26963
2025-01-03 07:00:00.000000 UTC,Outside,204511
2025-01-03 08:00:00.000000 UTC,Inside,35426
2025-01-03 08:00:00.000000 UTC,Outside,212547
2025-01-03 09:00:00.000000 UTC,Inside,28270
2025-01-03 09:00:00.000000 UTC,Outside,143522
2025-01-03 10:00:00.000000 UTC,Inside,26894
2025-01-03 10:00:00.000000 UTC,Outside,119649
2025-01-03 11:00:00.000000 UTC,Inside,29845
2025-01-03 11:00:00.000000 UTC,Outside,119227
2025-01-03 12:00:00.000000 UTC,Inside,33673
2025-01-03 12:00:00.000000 UTC,Outside,130375
2025-01-03 13:00:00.000000 UTC,Inside,38294
2025-01-03 13:00:00.000000 UTC,Outside,151185
2025-01-03 14:00:00.000000 UTC,Inside,50271
2025-01-03 14:00:00.000000 UTC,Outside,189223
2025-01-03 15:00:00.000000 UTC,Inside,63230
2025-01-03 15:00:00.000000 UTC,Outside,227571
2025-01-03 16:00:00.000000 UTC,Inside,69501
2025-01-03 16:00:00.000000 UTC,Outside,234353
2025-01-03 17:00:00.000000 UTC,Inside,76007
2025-01-03 17:00:00.000000 UTC,Outside,235863
2025-01-03 18:00:00.000000 UTC,Inside,57600
2025-01-03 18:00:00.000000 UTC,Outside,176078
2025-01-03 19:00:00.000000 UTC,Inside,42074
2025-01-03 19:00:00.000000 UTC,Outside,124158
2025-01-03 20:00:00.000000 UTC,Inside,30443
2025-01-03 20:00:00.000000 UTC,Outside,89362
2025-01-03 21:00:00.000000 UTC,Inside,29011
2025-01-03 21:00:00.000000 UTC,Outside,75335
2025-01-03 22:00:00.000000 UTC,Inside,26145
2025-01-03 22:00:00.000000 UTC,Outside,64395
2025-01-03 23:00:00.000000 UTC,Inside,16477
2025-01-03 23:00:00.000000 UTC,Outside,41986
2025-01-04 00:00:00.000000 UTC,Inside,10045
2025-01-04 00:00:00.000000 UTC,Outside,24263
2025-01-04 01:00:00.000000 UTC,Inside,4369
2025-01-04 01:00:00.000000 UTC,Outside,10897
2025-01-04 02:00:00.000000 UTC,Inside,2198
2025-01-04 02:00:00.000000 UTC,Outside,6210
2025-01-04 03:00:00.000000 UTC,Inside,1368
2025-01-04 03:00:00.000000 UTC,Outside,5344
2025-01-04 04:00:00.000000 UTC,Inside,1287
2025-01-04 04:00:00.000000 UTC,Outside,9336
2025-01-04 05:00:00.000000 UTC,Inside,1920
2025-01-04 05:00:00.000000 UTC,Outside,20355
2025-01-04 06:00:00.000000 UTC,Inside,4279
2025-01-04 06:00:00.000000 UTC,Outside,38376
2025-01-04 07:00:00.000000 UTC,Inside,6986
2025-01-04 07:00:00.000000 UTC,Outside,57120
2025-01-04 08:00:00.000000 UTC,Inside,10542
2025-01-04 08:00:00.000000 UTC,Outside,72740
2025-01-04 09:00:00.000000 UTC,Inside,16179
2025-01-04 09:00:00.000000 UTC,Outside,83878
2025-01-04 10:00:00.000000 UTC,Inside,22352
2025-01-04 10:00:00.000000 UTC,Outside,96651
2025-01-04 11:00:00.000000 UTC,Inside,27553
2025-01-04 11:00:00.000000 UTC,Outside,108167
2025-01-04 12:00:00.000000 UTC,Inside,31976
2025-01-04 12:00:00.000000 UTC,Outside,122827
2025-01-04 13:00:00.000000 UTC,Inside,35976
2025-01-04 13:00:00.000000 UTC,Outside,135226
2025-01-04 14:00:00.000000 UTC,Inside,39690
2025-01-04 14:00:00.000000 UTC,Outside,144300
2025-01-04 15:00:00.000000 UTC,Inside,45070
2025-01-04 15:00:00.000000 UTC,Outside,149887
2025-01-04 16:00:00.000000 UTC,Inside,49224
2025-01-04 16:00:00.000000 UTC,Outside,147906
2025-01-04 17:00:00.000000 UTC,Inside,45828
2025-01-04 17:00:00.000000 UTC,Outside,140410
2025-01-04 18:00:00.000000 UTC,Inside,39346
2025-01-04 18:00:00.000000 UTC,Outside,120114
2025-01-04 19:00:00.000000 UTC,Inside,33322
2025-01-04 19:00:00.000000 UTC,Outside,97311
2025-01-04 20:00:00.000000 UTC,Inside,31360
2025-01-04 20:00:00.000000 UTC,Outside,73963
2025-01-04 21:00:00.000000 UTC,Inside,23945
2025-01-04 21:00:00.000000 UTC,Outside,62202
2025-01-04 22:00:00.000000 UTC,Inside,23839
2025-01-04 22:00:00.000000 UTC,Outside,55080
2025-01-04 23:00:00.000000 UTC,Inside,15738
2025-01-04 23:00:00.000000 UTC,Outside,39881
2025-01-05 00:00:00.000000 UTC,Inside,8422
2025-01-05 00:00:00.000000 UTC,Outside,21725
2025-01-05 01:00:00.000000 UTC,Inside,4211
2025-01-05 01:00:00.000000 UTC,Outside,10476
2025-01-05 02:00:00.000000 UTC,Inside,2289
2025-01-05 02:00:00.000000 UTC,Outside,6317
2025-01-05 03:00:00.000000 UTC,Inside,1352
2025-01-05 03:00:00.000000 UTC,Outside,5060
2025-01-05 04:00:00.000000 UTC,Inside,1169
2025-01-05 04:00:00.000000 UTC,Outside,7726
2025-01-05 05:00:00.000000 UTC,Inside,1418
2025-01-05 05:00:00.000000 UTC,Outside,15038
2025-01-05 06:00:00.000000 UTC,Inside,3282
2025-01-05 06:00:00.000000 UTC,Outside,27909
2025-01-05 07:00:00.000000 UTC,Inside,5377
2025-01-05 07:00:00.000000 UTC,Outside,40404
2025-01-05 08:00:00.000000 UTC,Inside,8154
2025-01-05 08:00:00.000000 UTC,Outside,53623
2025-01-05 09:00:00.000000 UTC,Inside,12519
2025-01-05 09:00:00.000000 UTC,Outside,67939
2025-01-05 10:00:00.000000 UTC,Inside,17583
2025-01-05 10:00:00.000000 UTC,Outside,81757
2025-01-05 11:00:00.000000 UTC,Inside,21871
2025-01-05 11:00:00.000000 UTC,Outside,91214
2025-01-05 12:00:00.000000 UTC,Inside,26378
2025-01-05 12:00:00.000000 UTC,Outside,103472
2025-01-05 13:00:00.000000 UTC,Inside,29635
2025-01-05 13:00:00.000000 UTC,Outside,114022
2025-01-05 14:00:00.000000 UTC,Inside,31635
2025-01-05 14:00:00.000000 UTC,Outside,120080
2025-01-05 15:00:00.000000 UTC,Inside,34723
2025-01-05 15:00:00.000000 UTC,Outside,120676
2025-01-05 16:00:00.000000 UTC,Inside,36632
2025-01-05 16:00:00.000000 UTC,Outside,117707
2025-01-05 17:00:00.000000 UTC,Inside,35895
2025-01-05 17:00:00.000000 UTC,Outside,107937
2025-01-05 18:00:00.000000 UTC,Inside,31088
2025-01-05 18:00:00.000000 UTC,Outside,89717
2025-01-05 19:00:00.000000 UTC,Inside,24029
2025-01-05 19:00:00.000000 UTC,Outside,68644
2025-01-05 20:00:00.000000 UTC,Inside,19089
2025-01-05 20:00:00.000000 UTC,Outside,53387
2025-01-05 21:00:00.000000 UTC,Inside,16075
2025-01-05 21:00:00.000000 UTC,Outside,43827
2025-01-05 22:00:00.000000 UTC,Inside,12875
2025-01-05 22:00:00.000000 UTC,Outside,34920
2025-01-05 23:00:00.000000 UTC,Inside,7957
2025-01-05 23:00:00.000000 UTC,Outside,22503
2025-01-06 00:00:00.000000 UTC,Inside,3894
2025-01-06 00:00:00.000000 UTC,Outside,11014
2025-01-06 01:00:00.000000 UTC,Inside,1493
2025-01-06 01:00:00.000000 UTC,Outside,4828
2025-01-06 02:00:00.000000 UTC,Inside,818
2025-01-06 02:00:00.000000 UTC,Outside,3629
2025-01-06 03:00:00.000000 UTC,Inside,685
2025-01-06 03:00:00.000000 UTC,Outside,5315
2025-01-06 04:00:00.000000 UTC,Inside,1240
2025-01-06 04:00:00.000000 UTC,Outside,17003
2025-01-06 05:00:00.000000 UTC,Inside,6361
2025-01-06 05:00:00.000000 UTC,Outside,58356
2025-01-06 06:00:00.000000 UTC,Inside,18857
2025-01-06 06:00:00.000000 UTC,Outside,131541
2025-01-06 07:00:00.000000 UTC,Inside,40518
2025-01-06 07:00:00.000000 UTC,Outside,266836
2025-01-06 08:00:00.000000 UTC,Inside,58519
2025-01-06 08:00:00.000000 UTC,Outside,300592
2025-01-06 09:00:00.000000 UTC,Inside,35791
2025-01-06 09:00:00.000000 UTC,Outside,171573
2025-01-06 10:00:00.000000 UTC,Inside,23789
2025-01-06 10:00:00.000000 UTC,Outside,112409
2025-01-06 11:00:00.000000 UTC,Inside,23888
2025-01-06 11:00:00.000000 UTC,Outside,103448
2025-01-06 12:00:00.000000 UTC,Inside,26018
2025-01-06 12:00:00.000000 UTC,Outside,108508
2025-01-06 13:00:00.000000 UTC,Inside,29922
2025-01-06 13:00:00.000000 UTC,Outside,124428
2025-01-06 14:00:00.000000 UTC,Inside,38983
2025-01-06 14:00:00.000000 UTC,Outside,159426
2025-01-06 15:00:00.000000 UTC,Inside,54170
2025-01-06 15:00:00.000000 UTC,Outside,208167
2025-01-06 16:00:00.000000 UTC,Inside,67310
2025-01-06 16:00:00.000000 UTC,Outside,232204
2025-01-06 17:00:00.000000 UTC,Inside,93795
2025-01-06 17:00:00.000000 UTC,Outside,273762
2025-01-06 18:00:00.000000 UTC,Inside,67221
2025-01-06 18:00:00.000000 UTC,Outside,189532
2025-01-06 19:00:00.000000 UTC,Inside,36217
2025-01-06 19:00:00.000000 UTC,Outside,109009
2025-01-06 20:00:00.000000 UTC,Inside,23723
2025-01-06 20:00:00.000000 UTC,Outside,74345
2025-01-06 21:00:00.000000 UTC,Inside,20389
2025-01-06 21:00:00.000000 UTC,Outside,57904
2025-01-06 22:00:00.000000 UTC,Inside,17566
2025-01-06 22:00:00.000000 UTC,Outside,44126
2025-01-06 23:00:00.000000 UTC,Inside,8288
2025-01-06 23:00:00.000000 UTC,Outside,25774
2025-01-07 00:00:00.000000 UTC,Inside,5084
2025-01-07 00:00:00.000000 UTC,Outside,13192
2025-01-07 01:00:00.000000 UTC,Inside,1522
2025-01-07 01:00:00.000000 UTC,Outside,5255
2025-01-07 02:00:00.000000 UTC,Inside,871
2025-01-07 02:00:00.000000 UTC,Outside,3711
2025-01-07 03:00:00.000000 UTC,Inside,736
2025-01-07 03:00:00.000000 UTC,Outside,5349
2025-01-07 04:00:00.000000 UTC,Inside,1294
2025-01-07 04:00:00.000000 UTC,Outside,17167
2025-01-07 05:00:00.000000 UTC,Inside,6505
2025-01-07 05:00:00.000000 UTC,Outside,59224
2025-01-07 06:00:00.000000 UTC,Inside,19717
2025-01-07 06:00:00.000000 UTC,Outside,135361
2025-01-07 07:00:00.000000 UTC,Inside,45082
2025-01-07 07:00:00.000000 UTC,Outside,283303
2025-01-07 08:00:00.000000 UTC,Inside,72320
2025-01-07 08:00:00.000000 UTC,Outside,342543
2025-01-07 09:00:00.000000 UTC,Inside,45956
2025-01-07 09:00:00.000000 UTC,Outside,196907
2025-01-07 10:00:00.000000 UTC,Inside,26207
2025-01-07 10:00:00.000000 UTC,Outside,118555
2025-01-07 11:00:00.000000 UTC,Inside,25393
2025-01-07 11:00:00.000000 UTC,Outside,105719
2025-01-07 12:00:00.000000 UTC,Inside,26983
2025-01-07 12:00:00.000000 UTC,Outside,110863
2025-01-07 13:00:00.000000 UTC,Inside,30573
2025-01-07 13:00:00.000000 UTC,Outside,128407
2025-01-07 14:00:00.000000 UTC,Inside,41373
2025-01-07 14:00:00.000000 UTC,Outside,169413
2025-01-07 15:00:00.000000 UTC,Inside,58190
2025-01-07 15:00:00.000000 UTC,Outside,220646
2025-01-07 16:00:00.000000 UTC,Inside,75422
2025-01-07 16:00:00.000000 UTC,Outside,249634
2025-01-07 17:00:00.000000 UTC,Inside,115357
2025-01-07 17:00:00.000000 UTC,Outside,311190
2025-01-07 18:00:00.000000 UTC,Inside,80147
2025-01-07 18:00:00.000000 UTC,Outside,215326
2025-01-07 19:00:00.000000 UTC,Inside,42423
2025-01-07 19:00:00.000000 UTC,Outside,121729
2025-01-07 20:00:00.000000 UTC,Inside,28029
2025-01-07 20:00:00.000000 UTC,Outside,82478
2025-01-07 21:00:00.000000 UTC,Inside,26172
2025-01-07 21:00:00.000000 UTC,Outside,65969
2025-01-07 22:00:00.000000 UTC,Inside,18537
2025-01-07 22:00:00.000000 UTC,Outside,46695
2025-01-07 23:00:00.000000 UTC,Inside,9603
2025-01-07 23:00:00.000000 UTC,Outside,28341
2025-01-08 00:00:00.000000 UTC,Inside,5442
2025-01-08 00:00:00.000000 UTC,Outside,14417
2025-01-08 01:00:00.000000 UTC,Inside,1699
2025-01-08 01:00:00.000000 UTC,Outside,5524
2025-01-08 02:00:00.000000 UTC,Inside,881
2025-01-08 02:00:00.000000 UTC,Outside,3848
2025-01-08 03:00:00.000000 UTC,Inside,727
2025-01-08 03:00:00.000000 UTC,Outside,5441
2025-01-08 04:00:00.000000 UTC,Inside,1243
2025-01-08 04:00:00.000000 UTC,Outside,16822
2025-01-08 05:00:00.000000 UTC,Inside,6435
2025-01-08 05:00:00.000000 UTC,Outside,58826
2025-01-08 06:00:00.000000 UTC,Inside,19826
2025-01-08 06:00:00.000000 UTC,Outside,133808
2025-01-08 07:00:00.000000 UTC,Inside,44594
2025-01-08 07:00:00.000000 UTC,Outside,281282
2025-01-08 08:00:00.000000 UTC,Inside,70448
2025-01-08 08:00:00.000000 UTC,Outside,340516
2025-01-08 09:00:00.000000 UTC,Inside,46618
2025-01-08 09:00:00.000000 UTC,Outside,198968
2025-01-08 10:00:00.000000 UTC,Inside,26597
2025-01-08 10:00:00.000000 UTC,Outside,121588
2025-01-08 11:00:00.000000 UTC,Inside,25602
2025-01-08 11:00:00.000000 UTC,Outside,108823
2025-01-08 12:00:00.000000 UTC,Inside,28399
2025-01-08 12:00:00.000000 UTC,Outside,115817
2025-01-08 13:00:00.000000 UTC,Inside,32638
2025-01-08 13:00:00.000000 UTC,Outside,134250
2025-01-08 14:00:00.000000 UTC,Inside,43326
2025-01-08 14:00:00.000000 UTC,Outside,173045
2025-01-08 15:00:00.000000 UTC,Inside,59232
2025-01-08 15:00:00.000000 UTC,Outside,218603
2025-01-08 16:00:00.000000 UTC,Inside,78047
2025-01-08 16:00:00.000000 UTC,Outside,248888
2025-01-08 17:00:00.000000 UTC,Inside,113893
2025-01-08 17:00:00.000000 UTC,Outside,308463
2025-01-08 18:00:00.000000 UTC,Inside,81463
2025-01-08 18:00:00.000000 UTC,Outside,218025
2025-01-08 19:00:00.000000 UTC,Inside,44979
2025-01-08 19:00:00.000000 UTC,Outside,125301
2025-01-08 20:00:00.000000 UTC,Inside,29431
2025-01-08 20:00:00.000000 UTC,Outside,85740
2025-01-08 21:00:00.000000 UTC,Inside,28021
2025-01-08 21:00:00.000000 UTC,Outside,67895
2025-01-08 22:00:00.000000 UTC,Inside,23307
2025-01-08 22:00:00.000000 UTC,Outside,51420
2025-01-08 23:00:00.000000 UTC,Inside,10626
2025-01-08 23:00:00.000000 UTC,Outside,29145
2025-01-09 00:00:00.000000 UTC,Inside,5837
2025-01-09 00:00:00.000000 UTC,Outside,14385
2025-01-09 01:00:00.000000 UTC,Inside,1781
2025-01-09 01:00:00.000000 UTC,Outside,5814
2025-01-09 02:00:00.000000 UTC,Inside,996
2025-01-09 02:00:00.000000 UTC,Outside,3911
2025-01-09 03:00:00.000000 UTC,Inside,744
2025-01-09 03:00:00.000000 UTC,Outside,5408
2025-01-09 04:00:00.000000 UTC,Inside,1394
2025-01-09 04:00:00.000000 UTC,Outside,16539
2025-01-09 05:00:00.000000 UTC,Inside,6342
2025-01-09 05:00:00.000000 UTC,Outside,56839
2025-01-09 06:00:00.000000 UTC,Inside,18305
2025-01-09 06:00:00.000000 UTC,Outside,128405
2025-01-09 07:00:00.000000 UTC,Inside,40242
2025-01-09 07:00:00.000000 UTC,Outside,267655
2025-01-09 08:00:00.000000 UTC,Inside,65078
2025-01-09 08:00:00.000000 UTC,Outside,322967
2025-01-09 09:00:00.000000 UTC,Inside,45059
2025-01-09 09:00:00.000000 UTC,Outside,193541
2025-01-09 10:00:00.000000 UTC,Inside,26679
2025-01-09 10:00:00.000000 UTC,Outside,121217
2025-01-09 11:00:00.000000 UTC,Inside,25661
2025-01-09 11:00:00.000000 UTC,Outside,107910
2025-01-09 12:00:00.000000 UTC,Inside,28115
2025-01-09 12:00:00.000000 UTC,Outside,113973
2025-01-09 13:00:00.000000 UTC,Inside,32114
2025-01-09 13:00:00.000000 UTC,Outside,131601
2025-01-09 14:00:00.000000 UTC,Inside,43514
2025-01-09 14:00:00.000000 UTC,Outside,173809
2025-01-09 15:00:00.000000 UTC,Inside,59237
2025-01-09 15:00:00.000000 UTC,Outside,221696
2025-01-09 16:00:00.000000 UTC,Inside,73223
2025-01-09 16:00:00.000000 UTC,Outside,247533
2025-01-09 17:00:00.000000 UTC,Inside,105490
2025-01-09 17:00:00.000000 UTC,Outside,296773
2025-01-09 18:00:00.000000 UTC,Inside,77268
2025-01-09 18:00:00.000000 UTC,Outside,212877
2025-01-09 19:00:00.000000 UTC,Inside,43888
2025-01-09 19:00:00.000000 UTC,Outside,127003
2025-01-09 20:00:00.000000 UTC,Inside,30655
2025-01-09 20:00:00.000000 UTC,Outside,88923
2025-01-09 21:00:00.000000 UTC,Inside,29094
2025-01-09 21:00:00.000000 UTC,Outside,72145
2025-01-09 22:00:00.000000 UTC,Inside,21258
2025-01-09 22:00:00.000000 UTC,Outside,53667
2025-01-09 23:00:00.000000 UTC,Inside,12102
2025-01-09 23:00:00.000000 UTC,Outside,34438
2025-01-10 00:00:00.000000 UTC,Inside,6612
2025-01-10 00:00:00.000000 UTC,Outside,16810
2025-01-10 01:00:00.000000 UTC,Inside,2287
2025-01-10 01:00:00.000000 UTC,Outside,6984
2025-01-10 02:00:00.000000 UTC,Inside,1218
2025-01-10 02:00:00.000000 UTC,Outside,4448
2025-01-10 03:00:00.000000 UTC,Inside,854
2025-01-10 03:00:00.000000 UTC,Outside,5565
2025-01-10 04:00:00.000000 UTC,Inside,1413
2025-01-10 04:00:00.000000 UTC,Outside,16427
2025-01-10 05:00:00.000000 UTC,Inside,6260
2025-01-10 05:00:00.000000 UTC,Outside,56788
2025-01-10 06:00:00.000000 UTC,Inside,16797
2025-01-10 06:00:00.000000 UTC,Outside,123675
2025-01-10 07:00:00.000000 UTC,Inside,33973
2025-01-10 07:00:00.000000 UTC,Outside,246167
2025-01-10 08:00:00.000000 UTC,Inside,43267
2025-01-10 08:00:00.000000 UTC,Outside,251068
2025-01-10 09:00:00.000000 UTC,Inside,31232
2025-01-10 09:00:00.000000 UTC,Outside,155901
2025-01-10 10:00:00.000000 UTC,Inside,24363
2025-01-10 10:00:00.000000 UTC,Outside,115682
2025-01-10 11:00:00.000000 UTC,Inside,25834
2025-01-10 11:00:00.000000 UTC,Outside,110598
2025-01-10 12:00:00.000000 UTC,Inside,29089
2025-01-10 12:00:00.000000 UTC,Outside,119728
2025-01-10 13:00:00.000000 UTC,Inside,34186
2025-01-10 13:00:00.000000 UTC,Outside,141999
2025-01-10 14:00:00.000000 UTC,Inside,45642
2025-01-10 14:00:00.000000 UTC,Outside,183439
2025-01-10 15:00:00.000000 UTC,Inside,59706
2025-01-10 15:00:00.000000 UTC,Outside,229167
2025-01-10 16:00:00.000000 UTC,Inside,67974
2025-01-10 16:00:00.000000 UTC,Outside,237254
2025-01-10 17:00:00.000000 UTC,Inside,79065
2025-01-10 17:00:00.000000 UTC,Outside,253862
2025-01-10 18:00:00.000000 UTC,Inside,61970
2025-01-10 18:00:00.000000 UTC,Outside,194780
2025-01-10 19:00:00.000000 UTC,Inside,42355
2025-01-10 19:00:00.000000 UTC,Outside,132875
2025-01-10 20:00:00.000000 UTC,Inside,30613
2025-01-10 20:00:00.000000 UTC,Outside,95035
2025-01-10 21:00:00.000000 UTC,Inside,30213
2025-01-10 21:00:00.000000 UTC,Outside,79585
2025-01-10 22:00:00.000000 UTC,Inside,26047
2025-01-10 22:00:00.000000 UTC,Outside,67619
2025-01-10 23:00:00.000000 UTC,Inside,17957
2025-01-10 23:00:00.000000 UTC,Outside,48948
2025-01-11 00:00:00.000000 UTC,Inside,11180
2025-01-11 00:00:00.000000 UTC,Outside,28127
2025-01-11 01:00:00.000000 UTC,Inside,5213
2025-01-11 01:00:00.000000 UTC,Outside,13289
2025-01-11 02:00:00.000000 UTC,Inside,2585
2025-01-11 02:00:00.000000 UTC,Outside,7539
2025-01-11 03:00:00.000000 UTC,Inside,1768
2025-01-11 03:00:00.000000 UTC,Outside,6181
2025-01-11 04:00:00.000000 UTC,Inside,1431
2025-01-11 04:00:00.000000 UTC,Outside,9641
2025-01-11 05:00:00.000000 UTC,Inside,2032
2025-01-11 05:00:00.000000 UTC,Outside,20971
2025-01-11 06:00:00.000000 UTC,Inside,4705
2025-01-11 06:00:00.000000 UTC,Outside,40611
2025-01-11 07:00:00.000000 UTC,Inside,7653
2025-01-11 07:00:00.000000 UTC,Outside,59576
2025-01-11 08:00:00.000000 UTC,Inside,10146
2025-01-11 08:00:00.000000 UTC,Outside,74865
2025-01-11 09:00:00.000000 UTC,Inside,14429
2025-01-11 09:00:00.000000 UTC,Outside,86088
2025-01-11 10:00:00.000000 UTC,Inside,19548
2025-01-11 10:00:00.000000 UTC,Outside,94187
2025-01-11 11:00:00.000000 UTC,Inside,24842
2025-01-11 11:00:00.000000 UTC,Outside,106123
2025-01-11 12:00:00.000000 UTC,Inside,30130
2025-01-11 12:00:00.000000 UTC,Outside,121117
2025-01-11 13:00:00.000000 UTC,Inside,33962
2025-01-11 13:00:00.000000 UTC,Outside,132250
2025-01-11 14:00:00.000000 UTC,Inside,37206
2025-01-11 14:00:00.000000 UTC,Outside,140124
2025-01-11 15:00:00.000000 UTC,Inside,41661
2025-01-11 15:00:00.000000 UTC,Outside,149271
2025-01-11 16:00:00.000000 UTC,Inside,45191
2025-01-11 16:00:00.000000 UTC,Outside,149834
2025-01-11 17:00:00.000000 UTC,Inside,43181
2025-01-11 17:00:00.000000 UTC,Outside,141445
2025-01-11 18:00:00.000000 UTC,Inside,39636
2025-01-11 18:00:00.000000 UTC,Outside,125069
2025-01-11 19:00:00.000000 UTC,Inside,33701
2025-01-11 19:00:00.000000 UTC,Outside,102950
2025-01-11 20:00:00.000000 UTC,Inside,25971
2025-01-11 20:00:00.000000 UTC,Outside,77594
2025-01-11 21:00:00.000000 UTC,Inside,24173
2025-01-11 21:00:00.000000 UTC,Outside,66804
2025-01-11 22:00:00.000000 UTC,Inside,24275
2025-01-11 22:00:00.000000 UTC,Outside,59997
2025-01-11 23:00:00.000000 UTC,Inside,17803
2025-01-11 23:00:00.000000 UTC,Outside,45579
2025-01-12 00:00:00.000000 UTC,Inside,10017
2025-01-12 00:00:00.000000 UTC,Outside,25967
2025-01-12 01:00:00.000000 UTC,Inside,5143
2025-01-12 01:00:00.000000 UTC,Outside,12797
2025-01-12 02:00:00.000000 UTC,Inside,2712
2025-01-12 02:00:00.000000 UTC,Outside,7299
2025-01-12 03:00:00.000000 UTC,Inside,1630
2025-01-12 03:00:00.000000 UTC,Outside,5797
2025-01-12 04:00:00.000000 UTC,Inside,1431
2025-01-12 04:00:00.000000 UTC,Outside,8278
2025-01-12 05:00:00.000000 UTC,Inside,1579
2025-01-12 05:00:00.000000 UTC,Outside,15226
2025-01-12 06:00:00.000000 UTC,Inside,3169
2025-01-12 06:00:00.000000 UTC,Outside,27849
2025-01-12 07:00:00.000000 UTC,Inside,5278
2025-01-12 07:00:00.000000 UTC,Outside,40985
2025-01-12 08:00:00.000000 UTC,Inside,7676
2025-01-12 08:00:00.000000 UTC,Outside,53937
2025-01-12 09:00:00.000000 UTC,Inside,11820
2025-01-12 09:00:00.000000 UTC,Outside,68977
2025-01-12 10:00:00.000000 UTC,Inside,16404
2025-01-12 10:00:00.000000 UTC,Outside,81686
2025-01-12 11:00:00.000000 UTC,Inside,21511
2025-01-12 11:00:00.000000 UTC,Outside,92535
2025-01-12 12:00:00.000000 UTC,Inside,26198
2025-01-12 12:00:00.000000 UTC,Outside,106332
2025-01-12 13:00:00.000000 UTC,Inside,28596
2025-01-12 13:00:00.000000 UTC,Outside,116233
2025-01-12 14:00:00.000000 UTC,Inside,31360
2025-01-12 14:00:00.000000 UTC,Outside,122637
2025-01-12 15:00:00.000000 UTC,Inside,34172
2025-01-12 15:00:00.000000 UTC,Outside,121632
2025-01-12 16:00:00.000000 UTC,Inside,35668
2025-01-12 16:00:00.000000 UTC,Outside,119727
2025-01-12 17:00:00.000000 UTC,Inside,36821
2025-01-12 17:00:00.000000 UTC,Outside,111816
2025-01-12 18:00:00.000000 UTC,Inside,31437
2025-01-12 18:00:00.000000 UTC,Outside,91821
2025-01-12 19:00:00.000000 UTC,Inside,23500
2025-01-12 19:00:00.000000 UTC,Outside,70205
2025-01-12 20:00:00.000000 UTC,Inside,19141
2025-01-12 20:00:00.000000 UTC,Outside,56596
2025-01-12 21:00:00.000000 UTC,Inside,16161
2025-01-12 21:00:00.000000 UTC,Outside,46433
2025-01-12 22:00:00.000000 UTC,Inside,12735
2025-01-12 22:00:00.000000 UTC,Outside,36981
2025-01-12 23:00:00.000000 UTC,Inside,8269
2025-01-12 23:00:00.000000 UTC,Outside,24634
2025-01-13 00:00:00.000000 UTC,Inside,4069
2025-01-13 00:00:00.000000 UTC,Outside,11910
2025-01-13 01:00:00.000000 UTC,Inside,1631
2025-01-13 01:00:00.000000 UTC,Outside,5110
2025-01-13 02:00:00.000000 UTC,Inside,881
2025-01-13 02:00:00.000000 UTC,Outside,3873
2025-01-13 03:00:00.000000 UTC,Inside,681
2025-01-13 03:00:00.000000 UTC,Outside,5406
2025-01-13 04:00:00.000000 UTC,Inside,1335
2025-01-13 04:00:00.000000 UTC,Outside,17092
2025-01-13 05:00:00.000000 UTC,Inside,6261
2025-01-13 05:00:00.000000 UTC,Outside,59644
2025-01-13 06:00:00.000000 UTC,Inside,19192
2025-01-13 06:00:00.000000 UTC,Outside,134077
2025-01-13 07:00:00.000000 UTC,Inside,41294
2025-01-13 07:00:00.000000 UTC,Outside,273993
2025-01-13 08:00:00.000000 UTC,Inside,60193
2025-01-13 08:00:00.000000 UTC,Outside,310041
2025-01-13 09:00:00.000000 UTC,Inside,37889
2025-01-13 09:00:00.000000 UTC,Outside,178220
2025-01-13 10:00:00.000000 UTC,Inside,23722
2025-01-13 10:00:00.000000 UTC,Outside,116130
2025-01-13 11:00:00.000000 UTC,Inside,23237
2025-01-13 11:00:00.000000 UTC,Outside,104709
2025-01-13 12:00:00.000000 UTC,Inside,26093
2025-01-13 12:00:00.000000 UTC,Outside,110009
2025-01-13 13:00:00.000000 UTC,Inside,29689
2025-01-13 13:00:00.000000 UTC,Outside,128729
2025-01-13 14:00:00.000000 UTC,Inside,40171
2025-01-13 14:00:00.000000 UTC,Outside,165659
2025-01-13 15:00:00.000000 UTC,Inside,54947
2025-01-13 15:00:00.000000 UTC,Outside,216084
2025-01-13 16:00:00.000000 UTC,Inside,67920
2025-01-13 16:00:00.000000 UTC,Outside,240318
2025-01-13 17:00:00.000000 UTC,Inside,95219
2025-01-13 17:00:00.000000 UTC,Outside,284365
2025-01-13 18:00:00.000000 UTC,Inside,68476
2025-01-13 18:00:00.000000 UTC,Outside,198930
2025-01-13 19:00:00.000000 UTC,Inside,38296
2025-01-13 19:00:00.000000 UTC,Outside,119784
2025-01-13 20:00:00.000000 UTC,Inside,25533
2025-01-13 20:00:00.000000 UTC,Outside,83638
2025-01-13 21:00:00.000000 UTC,Inside,20097
2025-01-13 21:00:00.000000 UTC,Outside,63111
2025-01-13 22:00:00.000000 UTC,Inside,16763
2025-01-13 22:00:00.000000 UTC,Outside,49116
2025-01-13 23:00:00.000000 UTC,Inside,9475
2025-01-13 23:00:00.000000 UTC,Outside,28766
2025-01-14 00:00:00.000000 UTC,Inside,5389
2025-01-14 00:00:00.000000 UTC,Outside,14522
2025-01-14 01:00:00.000000 UTC,Inside,1683
2025-01-14 01:00:00.000000 UTC,Outside,5591
2025-01-14 02:00:00.000000 UTC,Inside,979
2025-01-14 02:00:00.000000 UTC,Outside,4057
2025-01-14 03:00:00.000000 UTC,Inside,706
2025-01-14 03:00:00.000000 UTC,Outside,5598
2025-01-14 04:00:00.000000 UTC,Inside,1386
2025-01-14 04:00:00.000000 UTC,Outside,17494
2025-01-14 05:00:00.000000 UTC,Inside,6540
2025-01-14 05:00:00.000000 UTC,Outside,61522
2025-01-14 06:00:00.000000 UTC,Inside,20526
2025-01-14 06:00:00.000000 UTC,Outside,139811
2025-01-14 07:00:00.000000 UTC,Inside,44956
2025-01-14 07:00:00.000000 UTC,Outside,291619
2025-01-14 08:00:00.000000 UTC,Inside,73420
2025-01-14 08:00:00.000000 UTC,Outside,352701
2025-01-14 09:00:00.000000 UTC,Inside,47098
2025-01-14 09:00:00.000000 UTC,Outside,204816
2025-01-14 10:00:00.000000 UTC,Inside,27157
2025-01-14 10:00:00.000000 UTC,Outside,125333
2025-01-14 11:00:00.000000 UTC,Inside,24804
2025-01-14 11:00:00.000000 UTC,Outside,109491
2025-01-14 12:00:00.000000 UTC,Inside,27178
2025-01-14 12:00:00.000000 UTC,Outside,114080
2025-01-14 13:00:00.000000 UTC,Inside,30837
2025-01-14 13:00:00.000000 UTC,Outside,131909
2025-01-14 14:00:00.000000 UTC,Inside,41474
2025-01-14 14:00:00.000000 UTC,Outside,172160
2025-01-14 15:00:00.000000 UTC,Inside,59057
2025-01-14 15:00:00.000000 UTC,Outside,223469
2025-01-14 16:00:00.000000 UTC,Inside,76894
2025-01-14 16:00:00.000000 UTC,Outside,255051
2025-01-14 17:00:00.000000 UTC,Inside,116175
2025-01-14 17:00:00.000000 UTC,Outside,317957
2025-01-14 18:00:00.000000 UTC,Inside,81544
2025-01-14 18:00:00.000000 UTC,Outside,222030
2025-01-14 19:00:00.000000 UTC,Inside,44402
2025-01-14 19:00:00.000000 UTC,Outside,130072
2025-01-14 20:00:00.000000 UTC,Inside,29683
2025-01-14 20:00:00.000000 UTC,Outside,90982
2025-01-14 21:00:00.000000 UTC,Inside,27323
2025-01-14 21:00:00.000000 UTC,Outside,70265
2025-01-14 22:00:00.000000 UTC,Inside,18870
2025-01-14 22:00:00.000000 UTC,Outside,51499
2025-01-14 23:00:00.000000 UTC,Inside,10516
2025-01-14 23:00:00.000000 UTC,Outside,29622
2025-01-15 00:00:00.000000 UTC,Inside,5748
2025-01-15 00:00:00.000000 UTC,Outside,14795
2025-01-15 01:00:00.000000 UTC,Inside,1847
2025-01-15 01:00:00.000000 UTC,Outside,5570
2025-01-15 02:00:00.000000 UTC,Inside,995
2025-01-15 02:00:00.000000 UTC,Outside,3842
2025-01-15 03:00:00.000000 UTC,Inside,785
2025-01-15 03:00:00.000000 UTC,Outside,5507
2025-01-15 04:00:00.000000 UTC,Inside,1367
2025-01-15 04:00:00.000000 UTC,Outside,16762
2025-01-15 05:00:00.000000 UTC,Inside,6826
2025-01-15 05:00:00.000000 UTC,Outside,60796
2025-01-15 06:00:00.000000 UTC,Inside,20008
2025-01-15 06:00:00.000000 UTC,Outside,136313
2025-01-15 07:00:00.000000 UTC,Inside,44446
2025-01-15 07:00:00.000000 UTC,Outside,289939
2025-01-15 08:00:00.000000 UTC,Inside,73645
2025-01-15 08:00:00.000000 UTC,Outside,350385
2025-01-15 09:00:00.000000 UTC,Inside,47925
2025-01-15 09:00:00.000000 UTC,Outside,205287
2025-01-15 10:00:00.000000 UTC,Inside,27512
2025-01-15 10:00:00.000000 UTC,Outside,126977
2025-01-15 11:00:00.000000 UTC,Inside,25575
2025-01-15 11:00:00.000000 UTC,Outside,113040
2025-01-15 12:00:00.000000 UTC,Inside,28669
2025-01-15 12:00:00.000000 UTC,Outside,118993
2025-01-15 13:00:00.000000 UTC,Inside,32814
2025-01-15 13:00:00.000000 UTC,Outside,136968
2025-01-15 14:00:00.000000 UTC,Inside,43320
2025-01-15 14:00:00.000000 UTC,Outside,175911
2025-01-15 15:00:00.000000 UTC,Inside,59163
2025-01-15 15:00:00.000000 UTC,Outside,222509
2025-01-15 16:00:00.000000 UTC,Inside,77871
2025-01-15 16:00:00.000000 UTC,Outside,251490
2025-01-15 17:00:00.000000 UTC,Inside,115052
2025-01-15 17:00:00.000000 UTC,Outside,314495
2025-01-15 18:00:00.000000 UTC,Inside,82170
2025-01-15 18:00:00.000000 UTC,Outside,222093
2025-01-15 19:00:00.000000 UTC,Inside,45872
2025-01-15 19:00:00.000000 UTC,Outside,132475
2025-01-15 20:00:00.000000 UTC,Inside,31631
2025-01-15 20:00:00.000000 UTC,Outside,93130
2025-01-15 21:00:00.000000 UTC,Inside,26912
2025-01-15 21:00:00.000000 UTC,Outside,72079
2025-01-15 22:00:00.000000 UTC,Inside,20338
2025-01-15 22:00:00.000000 UTC,Outside,54297
2025-01-15 23:00:00.000000 UTC,Inside,10688
2025-01-15 23:00:00.000000 UTC,Outside,31295
2025-01-16 00:00:00.000000 UTC,Inside,7292
2025-01-16 00:00:00.000000 UTC,Outside,15929
2025-01-16 01:00:00.000000 UTC,Inside,2094
2025-01-16 01:00:00.000000 UTC,Outside,6108
2025-01-16 02:00:00.000000 UTC,Inside,1048
2025-01-16 02:00:00.000000 UTC,Outside,4042
2025-01-16 03:00:00.000000 UTC,Inside,743
2025-01-16 03:00:00.000000 UTC,Outside,5677
2025-01-16 04:00:00.000000 UTC,Inside,1392
2025-01-16 04:00:00.000000 UTC,Outside,17105
2025-01-16 05:00:00.000000 UTC,Inside,6490
2025-01-16 05:00:00.000000 UTC,Outside,59743
2025-01-16 06:00:00.000000 UTC,Inside,19475
2025-01-16 06:00:00.000000 UTC,Outside,134313
2025-01-16 07:00:00.000000 UTC,Inside,42384
2025-01-16 07:00:00.000000 UTC,Outside,280315
2025-01-16 08:00:00.000000 UTC,Inside,69000
2025-01-16 08:00:00.000000 UTC,Outside,335326
2025-01-16 09:00:00.000000 UTC,Inside,45519
2025-01-16 09:00:00.000000 UTC,Outside,200717
2025-01-16 10:00:00.000000 UTC,Inside,27427
2025-01-16 10:00:00.000000 UTC,Outside,126135
2025-01-16 11:00:00.000000 UTC,Inside,26296
2025-01-16 11:00:00.000000 UTC,Outside,112485
2025-01-16 12:00:00.000000 UTC,Inside,28883
2025-01-16 12:00:00.000000 UTC,Outside,117886
2025-01-16 13:00:00.000000 UTC,Inside,32954
2025-01-16 13:00:00.000000 UTC,Outside,135288
2025-01-16 14:00:00.000000 UTC,Inside,43311
2025-01-16 14:00:00.000000 UTC,Outside,176269
2025-01-16 15:00:00.000000 UTC,Inside,59609
2025-01-16 15:00:00.000000 UTC,Outside,225800
2025-01-16 16:00:00.000000 UTC,Inside,75873
2025-01-16 16:00:00.000000 UTC,Outside,252059
2025-01-16 17:00:00.000000 UTC,Inside,110948
2025-01-16 17:00:00.000000 UTC,Outside,310117
2025-01-16 18:00:00.000000 UTC,Inside,83748
2025-01-16 18:00:00.000000 UTC,Outside,226552
2025-01-16 19:00:00.000000 UTC,Inside,47275
2025-01-16 19:00:00.000000 UTC,Outside,137418
2025-01-16 20:00:00.000000 UTC,Inside,32615
2025-01-16 20:00:00.000000 UTC,Outside,97142
2025-01-16 21:00:00.000000 UTC,Inside,29725
2025-01-16 21:00:00.000000 UTC,Outside,76105
2025-01-16 22:00:00.000000 UTC,Inside,23206
2025-01-16 22:00:00.000000 UTC,Outside,59498
2025-01-16 23:00:00.000000 UTC,Inside,12252
2025-01-16 23:00:00.000000 UTC,Outside,35111
2025-01-17 00:00:00.000000 UTC,Inside,7229
2025-01-17 00:00:00.000000 UTC,Outside,18098
2025-01-17 01:00:00.000000 UTC,Inside,2417
2025-01-17 01:00:00.000000 UTC,Outside,7109
2025-01-17 02:00:00.000000 UTC,Inside,1253
2025-01-17 02:00:00.000000 UTC,Outside,4605
2025-01-17 03:00:00.000000 UTC,Inside,897
2025-01-17 03:00:00.000000 UTC,Outside,5829
2025-01-17 04:00:00.000000 UTC,Inside,1372
2025-01-17 04:00:00.000000 UTC,Outside,16826
2025-01-17 05:00:00.000000 UTC,Inside,5950
2025-01-17 05:00:00.000000 UTC,Outside,57658
2025-01-17 06:00:00.000000 UTC,Inside,16854
2025-01-17 06:00:00.000000 UTC,Outside,124294
2025-01-17 07:00:00.000000 UTC,Inside,33086
2025-01-17 07:00:00.000000 UTC,Outside,243776
2025-01-17 08:00:00.000000 UTC,Inside,42860
2025-01-17 08:00:00.000000 UTC,Outside,249840
2025-01-17 09:00:00.000000 UTC,Inside,31237
2025-01-17 09:00:00.000000 UTC,Outside,158801
2025-01-17 10:00:00.000000 UTC,Inside,24997
2025-01-17 10:00:00.000000 UTC,Outside,118358
2025-01-17 11:00:00.000000 UTC,Inside,26338
2025-01-17 11:00:00.000000 UTC,Outside,114889
2025-01-17 12:00:00.000000 UTC,Inside,30820
2025-01-17 12:00:00.000000 UTC,Outside,125848
2025-01-17 13:00:00.000000 UTC,Inside,35713
2025-01-17 13:00:00.000000 UTC,Outside,147049
2025-01-17 14:00:00.000000 UTC,Inside,46175
2025-01-17 14:00:00.000000 UTC,Outside,189835
2025-01-17 15:00:00.000000 UTC,Inside,60881
2025-01-17 15:00:00.000000 UTC,Outside,233786
2025-01-17 16:00:00.000000 UTC,Inside,68454
2025-01-17 16:00:00.000000 UTC,Outside,240806
2025-01-17 17:00:00.000000 UTC,Inside,76653
2025-01-17 17:00:00.000000 UTC,Outside,248575
2025-01-17 18:00:00.000000 UTC,Inside,59257
2025-01-17 18:00:00.000000 UTC,Outside,193950
2025-01-17 19:00:00.000000 UTC,Inside,41794
2025-01-17 19:00:00.000000 UTC,Outside,136601
2025-01-17 20:00:00.000000 UTC,Inside,31230
2025-01-17 20:00:00.000000 UTC,Outside,98033
2025-01-17 21:00:00.000000 UTC,Inside,29422
2025-01-17 21:00:00.000000 UTC,Outside,82009
2025-01-17 22:00:00.000000 UTC,Inside,27189
2025-01-17 22:00:00.000000 UTC,Outside,71928
2025-01-17 23:00:00.000000 UTC,Inside,17413
2025-01-17 23:00:00.000000 UTC,Outside,50119
2025-01-18 00:00:00.000000 UTC,Inside,11000
2025-01-18 00:00:00.000000 UTC,Outside,28693
2025-01-18 01:00:00.000000 UTC,Inside,4843
2025-01-18 01:00:00.000000 UTC,Outside,12920
2025-01-18 02:00:00.000000 UTC,Inside,2590
2025-01-18 02:00:00.000000 UTC,Outside,7600
2025-01-18 03:00:00.000000 UTC,Inside,1545
2025-01-18 03:00:00.000000 UTC,Outside,6249
2025-01-18 04:00:00.000000 UTC,Inside,1423
2025-01-18 04:00:00.000000 UTC,Outside,9993
2025-01-18 05:00:00.000000 UTC,Inside,2113
2025-01-18 05:00:00.000000 UTC,Outside,21210
2025-01-18 06:00:00.000000 UTC,Inside,4690
2025-01-18 06:00:00.000000 UTC,Outside,39918
2025-01-18 07:00:00.000000 UTC,Inside,7482
2025-01-18 07:00:00.000000 UTC,Outside,59800
2025-01-18 08:00:00.000000 UTC,Inside,11430
2025-01-18 08:00:00.000000 UTC,Outside,76399
2025-01-18 09:00:00.000000 UTC,Inside,16323
2025-01-18 09:00:00.000000 UTC,Outside,88685
2025-01-18 10:00:00.000000 UTC,Inside,21540
2025-01-18 10:00:00.000000 UTC,Outside,99477
2025-01-18 11:00:00.000000 UTC,Inside,25863
2025-01-18 11:00:00.000000 UTC,Outside,110756
2025-01-18 12:00:00.000000 UTC,Inside,31659
2025-01-18 12:00:00.000000 UTC,Outside,125181
2025-01-18 13:00:00.000000 UTC,Inside,35349
2025-01-18 13:00:00.000000 UTC,Outside,136428
2025-01-18 14:00:00.000000 UTC,Inside,39483
2025-01-18 14:00:00.000000 UTC,Outside,142880
2025-01-18 15:00:00.000000 UTC,Inside,42238
2025-01-18 15:00:00.000000 UTC,Outside,145173
2025-01-18 16:00:00.000000 UTC,Inside,44289
2025-01-18 16:00:00.000000 UTC,Outside,138207
2025-01-18 17:00:00.000000 UTC,Inside,40988
2025-01-18 17:00:00.000000 UTC,Outside,132277
2025-01-18 18:00:00.000000 UTC,Inside,36888
2025-01-18 18:00:00.000000 UTC,Outside,119441
2025-01-18 19:00:00.000000 UTC,Inside,32213
2025-01-18 19:00:00.000000 UTC,Outside,101987
2025-01-18 20:00:00.000000 UTC,Inside,25252
2025-01-18 20:00:00.000000 UTC,Outside,79601
2025-01-18 21:00:00.000000 UTC,Inside,23668
2025-01-18 21:00:00.000000 UTC,Outside,69136
2025-01-18 22:00:00.000000 UTC,Inside,22520
2025-01-18 22:00:00.000000 UTC,Outside,62013
2025-01-18 23:00:00.000000 UTC,Inside,17357
2025-01-18 23:00:00.000000 UTC,Outside,48911
2025-01-19 00:00:00.000000 UTC,Inside,10268
2025-01-19 00:00:00.000000 UTC,Outside,28806
2025-01-19 01:00:00.000000 UTC,Inside,5687
2025-01-19 01:00:00.000000 UTC,Outside,14360
2025-01-19 02:00:00.000000 UTC,Inside,2895
2025-01-19 02:00:00.000000 UTC,Outside,8404
2025-01-19 03:00:00.000000 UTC,Inside,1775
2025-01-19 03:00:00.000000 UTC,Outside,6345
2025-01-19 04:00:00.000000 UTC,Inside,1408
2025-01-19 04:00:00.000000 UTC,Outside,8277
2025-01-19 05:00:00.000000 UTC,Inside,1610
2025-01-19 05:00:00.000000 UTC,Outside,15442
2025-01-19 06:00:00.000000 UTC,Inside,3392
2025-01-19 06:00:00.000000 UTC,Outside,28301
2025-01-19 07:00:00.000000 UTC,Inside,5446
2025-01-19 07:00:00.000000 UTC,Outside,40982
2025-01-19 08:00:00.000000 UTC,Inside,8465
2025-01-19 08:00:00.000000 UTC,Outside,54758
2025-01-19 09:00:00.000000 UTC,Inside,13140
2025-01-19 09:00:00.000000 UTC,Outside,70824
2025-01-19 10:00:00.000000 UTC,Inside,18071
2025-01-19 10:00:00.000000 UTC,Outside,84162
2025-01-19 11:00:00.000000 UTC,Inside,22730
2025-01-19 11:00:00.000000 UTC,Outside,94490
2025-01-19 12:00:00.000000 UTC,Inside,26732
2025-01-19 12:00:00.000000 UTC,Outside,106264
2025-01-19 13:00:00.000000 UTC,Inside,31728
2025-01-19 13:00:00.000000 UTC,Outside,118168
2025-01-19 14:00:00.000000 UTC,Inside,33317
2025-01-19 14:00:00.000000 UTC,Outside,120571
2025-01-19 15:00:00.000000 UTC,Inside,32592
2025-01-19 15:00:00.000000 UTC,Outside,113212
2025-01-19 16:00:00.000000 UTC,Inside,35662
2025-01-19 16:00:00.000000 UTC,Outside,109752
2025-01-19 17:00:00.000000 UTC,Inside,32173
2025-01-19 17:00:00.000000 UTC,Outside,102498
2025-01-19 18:00:00.000000 UTC,Inside,29555
2025-01-19 18:00:00.000000 UTC,Outside,89210
2025-01-19 19:00:00.000000 UTC,Inside,21556
2025-01-19 19:00:00.000000 UTC,Outside,67199
2025-01-19 20:00:00.000000 UTC,Inside,17583
2025-01-19 20:00:00.000000 UTC,Outside,54275
2025-01-19 21:00:00.000000 UTC,Inside,17363
2025-01-19 21:00:00.000000 UTC,Outside,49910
2025-01-19 22:00:00.000000 UTC,Inside,15788
2025-01-19 22:00:00.000000 UTC,Outside,44829
2025-01-19 23:00:00.000000 UTC,Inside,8942
2025-01-19 23:00:00.000000 UTC,Outside,28819
2025-01-20 00:00:00.000000 UTC,Inside,5220
2025-01-20 00:00:00.000000 UTC,Outside,15839
2025-01-20 01:00:00.000000 UTC,Inside,2026
2025-01-20 01:00:00.000000 UTC,Outside,6742
2025-01-20 02:00:00.000000 UTC,Inside,1066
2025-01-20 02:00:00.000000 UTC,Outside,4496
2025-01-20 03:00:00.000000 UTC,Inside,778
2025-01-20 03:00:00.000000 UTC,Outside,5007
2025-01-20 04:00:00.000000 UTC,Inside,1148
2025-01-20 04:00:00.000000 UTC,Outside,12670
2025-01-20 05:00:00.000000 UTC,Inside,3469
2025-01-20 05:00:00.000000 UTC,Outside,38654
2025-01-20 06:00:00.000000 UTC,Inside,8240
2025-01-20 06:00:00.000000 UTC,Outside,68367
2025-01-20 07:00:00.000000 UTC,Inside,11537
2025-01-20 07:00:00.000000 UTC,Outside,91227
2025-01-20 08:00:00.000000 UTC,Inside,16285
2025-01-20 08:00:00.000000 UTC,Outside,106596
2025-01-20 09:00:00.000000 UTC,Inside,17061
2025-01-20 09:00:00.000000 UTC,Outside,93177
2025-01-20 10:00:00.000000 UTC,Inside,18613
2025-01-20 10:00:00.000000 UTC,Outside,88580
2025-01-20 11:00:00.000000 UTC,Inside,21884
2025-01-20 11:00:00.000000 UTC,Outside,95647
2025-01-20 12:00:00.000000 UTC,Inside,25243
2025-01-20 12:00:00.000000 UTC,Outside,104385
2025-01-20 13:00:00.000000 UTC,Inside,29264
2025-01-20 13:00:00.000000 UTC,Outside,120291
2025-01-20 14:00:00.000000 UTC,Inside,33648
2025-01-20 14:00:00.000000 UTC,Outside,133170
2025-01-20 15:00:00.000000 UTC,Inside,40122
2025-01-20 15:00:00.000000 UTC,Outside,148641
2025-01-20 16:00:00.000000 UTC,Inside,41455
2025-01-20 16:00:00.000000 UTC,Outside,146751
2025-01-20 17:00:00.000000 UTC,Inside,44630
2025-01-20 17:00:00.000000 UTC,Outside,149789
2025-01-20 18:00:00.000000 UTC,Inside,36646
2025-01-20 18:00:00.000000 UTC,Outside,118886
2025-01-20 19:00:00.000000 UTC,Inside,26000
2025-01-20 19:00:00.000000 UTC,Outside,84894
2025-01-20 20:00:00.000000 UTC,Inside,19142
2025-01-20 20:00:00.000000 UTC,Outside,63621
2025-01-20 21:00:00.000000 UTC,Inside,15881
2025-01-20 21:00:00.000000 UTC,Outside,52347
2025-01-20 22:00:00.000000 UTC,Inside,12314
2025-01-20 22:00:00.000000 UTC,Outside,40296
2025-01-20 23:00:00.000000 UTC,Inside,8251
2025-01-20 23:00:00.000000 UTC,Outside,26164
2025-01-21 00:00:00.000000 UTC,Inside,3660
2025-01-21 00:00:00.000000 UTC,Outside,11911
2025-01-21 01:00:00.000000 UTC,Inside,1254
2025-01-21 01:00:00.000000 UTC,Outside,4543
2025-01-21 02:00:00.000000 UTC,Inside,773
2025-01-21 02:00:00.000000 UTC,Outside,3487
2025-01-21 03:00:00.000000 UTC,Inside,632
2025-01-21 03:00:00.000000 UTC,Outside,5153
2025-01-21 04:00:00.000000 UTC,Inside,1245
2025-01-21 04:00:00.000000 UTC,Outside,16383
2025-01-21 05:00:00.000000 UTC,Inside,6241
2025-01-21 05:00:00.000000 UTC,Outside,57091
2025-01-21 06:00:00.000000 UTC,Inside,18874
2025-01-21 06:00:00.000000 UTC,Outside,124304
2025-01-21 07:00:00.000000 UTC,Inside,42375
2025-01-21 07:00:00.000000 UTC,Outside,250704
2025-01-21 08:00:00.000000 UTC,Inside,70337
2025-01-21 08:00:00.000000 UTC,Outside,326157
2025-01-21 09:00:00.000000 UTC,Inside,46054
2025-01-21 09:00:00.000000 UTC,Outside,194776
2025-01-21 10:00:00.000000 UTC,Inside,26553
2025-01-21 10:00:00.000000 UTC,Outside,119568
2025-01-21 11:00:00.000000 UTC,Inside,24899
2025-01-21 11:00:00.000000 UTC,Outside,109067
2025-01-21 12:00:00.000000 UTC,Inside,27299
2025-01-21 12:00:00.000000 UTC,Outside,115186
2025-01-21 13:00:00.000000 UTC,Inside,30454
2025-01-21 13:00:00.000000 UTC,Outside,128243
2025-01-21 14:00:00.000000 UTC,Inside,37293
2025-01-21 14:00:00.000000 UTC,Outside,155492
2025-01-21 15:00:00.000000 UTC,Inside,50821
2025-01-21 15:00:00.000000 UTC,Outside,196829
2025-01-21 16:00:00.000000 UTC,Inside,70590
2025-01-21 16:00:00.000000 UTC,Outside,231352
2025-01-21 17:00:00.000000 UTC,Inside,106852
2025-01-21 17:00:00.000000 UTC,Outside,294372
2025-01-21 18:00:00.000000 UTC,Inside,77201
2025-01-21 18:00:00.000000 UTC,Outside,210593
2025-01-21 19:00:00.000000 UTC,Inside,40848
2025-01-21 19:00:00.000000 UTC,Outside,120628
2025-01-21 20:00:00.000000 UTC,Inside,27487
2025-01-21 20:00:00.000000 UTC,Outside,83787
2025-01-21 21:00:00.000000 UTC,Inside,27156
2025-01-21 21:00:00.000000 UTC,Outside,69065
2025-01-21 22:00:00.000000 UTC,Inside,22156
2025-01-21 22:00:00.000000 UTC,Outside,48822
2025-01-21 23:00:00.000000 UTC,Inside,9444
2025-01-21 23:00:00.000000 UTC,Outside,28552
2025-01-22 00:00:00.000000 UTC,Inside,5339
2025-01-22 00:00:00.000000 UTC,Outside,13592
2025-01-22 01:00:00.000000 UTC,Inside,1748
2025-01-22 01:00:00.000000 UTC,Outside,5278
2025-01-22 02:00:00.000000 UTC,Inside,847
2025-01-22 02:00:00.000000 UTC,Outside,3618
2025-01-22 03:00:00.000000 UTC,Inside,713
2025-01-22 03:00:00.000000 UTC,Outside,5257
2025-01-22 04:00:00.000000 UTC,Inside,1178
2025-01-22 04:00:00.000000 UTC,Outside,16222
2025-01-22 05:00:00.000000 UTC,Inside,6463
2025-01-22 05:00:00.000000 UTC,Outside,57459
2025-01-22 06:00:00.000000 UTC,Inside,19412
2025-01-22 06:00:00.000000 UTC,Outside,126148
2025-01-22 07:00:00.000000 UTC,Inside,41555
2025-01-22 07:00:00.000000 UTC,Outside,248164
2025-01-22 08:00:00.000000 UTC,Inside,71777
2025-01-22 08:00:00.000000 UTC,Outside,328668
2025-01-22 09:00:00.000000 UTC,Inside,47971
2025-01-22 09:00:00.000000 UTC,Outside,199352
2025-01-22 10:00:00.000000 UTC,Inside,27450
2025-01-22 10:00:00.000000 UTC,Outside,125144
2025-01-22 11:00:00.000000 UTC,Inside,25689
2025-01-22 11:00:00.000000 UTC,Outside,114456
2025-01-22 12:00:00.000000 UTC,Inside,28508
2025-01-22 12:00:00.000000 UTC,Outside,121289
2025-01-22 13:00:00.000000 UTC,Inside,31703
2025-01-22 13:00:00.000000 UTC,Outside,132153
2025-01-22 14:00:00.000000 UTC,Inside,38720
2025-01-22 14:00:00.000000 UTC,Outside,160297
2025-01-22 15:00:00.000000 UTC,Inside,52990
2025-01-22 15:00:00.000000 UTC,Outside,200909
2025-01-22 16:00:00.000000 UTC,Inside,73156
2025-01-22 16:00:00.000000 UTC,Outside,237199
2025-01-22 17:00:00.000000 UTC,Inside,111775
2025-01-22 17:00:00.000000 UTC,Outside,302611
2025-01-22 18:00:00.000000 UTC,Inside,81736
2025-01-22 18:00:00.000000 UTC,Outside,218344
2025-01-22 19:00:00.000000 UTC,Inside,44907
2025-01-22 19:00:00.000000 UTC,Outside,129474
2025-01-22 20:00:00.000000 UTC,Inside,29756
2025-01-22 20:00:00.000000 UTC,Outside,90693
2025-01-22 21:00:00.000000 UTC,Inside,30021
2025-01-22 21:00:00.000000 UTC,Outside,72912
2025-01-22 22:00:00.000000 UTC,Inside,22600
2025-01-22 22:00:00.000000 UTC,Outside,52199
2025-01-22 23:00:00.000000 UTC,Inside,10830
2025-01-22 23:00:00.000000 UTC,Outside,31037
2025-01-23 00:00:00.000000 UTC,Inside,5860
2025-01-23 00:00:00.000000 UTC,Outside,15014
2025-01-23 01:00:00.000000 UTC,Inside,1743
2025-01-23 01:00:00.000000 UTC,Outside,5509
2025-01-23 02:00:00.000000 UTC,Inside,963
2025-01-23 02:00:00.000000 UTC,Outside,3861
2025-01-23 03:00:00.000000 UTC,Inside,754
2025-01-23 03:00:00.000000 UTC,Outside,5432
2025-01-23 04:00:00.000000 UTC,Inside,1394
2025-01-23 04:00:00.000000 UTC,Outside,16777
2025-01-23 05:00:00.000000 UTC,Inside,6512
2025-01-23 05:00:00.000000 UTC,Outside,58961
2025-01-23 06:00:00.000000 UTC,Inside,19295
2025-01-23 06:00:00.000000 UTC,Outside,126839
2025-01-23 07:00:00.000000 UTC,Inside,41139
2025-01-23 07:00:00.000000 UTC,Outside,249387
2025-01-23 08:00:00.000000 UTC,Inside,70753
2025-01-23 08:00:00.000000 UTC,Outside,325618
2025-01-23 09:00:00.000000 UTC,Inside,46531
2025-01-23 09:00:00.000000 UTC,Outside,202629
2025-01-23 10:00:00.000000 UTC,Inside,29196
2025-01-23 10:00:00.000000 UTC,Outside,130415
2025-01-23 11:00:00.000000 UTC,Inside,26874
2025-01-23 11:00:00.000000 UTC,Outside,117731
2025-01-23 12:00:00.000000 UTC,Inside,29145
2025-01-23 12:00:00.000000 UTC,Outside,123938
2025-01-23 13:00:00.000000 UTC,Inside,32859
2025-01-23 13:00:00.000000 UTC,Outside,137485
2025-01-23 14:00:00.000000 UTC,Inside,40746
2025-01-23 14:00:00.000000 UTC,Outside,167987
2025-01-23 15:00:00.000000 UTC,Inside,56062
2025-01-23 15:00:00.000000 UTC,Outside,210749
2025-01-23 16:00:00.000000 UTC,Inside,73201
2025-01-23 16:00:00.000000 UTC,Outside,243932
2025-01-23 17:00:00.000000 UTC,Inside,111414
2025-01-23 17:00:00.000000 UTC,Outside,307903
2025-01-23 18:00:00.000000 UTC,Inside,84269
2025-01-23 18:00:00.000000 UTC,Outside,227812
2025-01-23 19:00:00.000000 UTC,Inside,48118
2025-01-23 19:00:00.000000 UTC,Outside,139430
2025-01-23 20:00:00.000000 UTC,Inside,33674
2025-01-23 20:00:00.000000 UTC,Outside,100421
2025-01-23 21:00:00.000000 UTC,Inside,31838
2025-01-23 21:00:00.000000 UTC,Outside,82541
2025-01-23 22:00:00.000000 UTC,Inside,23281
2025-01-23 22:00:00.000000 UTC,Outside,61890
2025-01-23 23:00:00.000000 UTC,Inside,12705
2025-01-23 23:00:00.000000 UTC,Outside,36445
2025-01-24 00:00:00.000000 UTC,Inside,7183
2025-01-24 00:00:00.000000 UTC,Outside,18483
2025-01-24 01:00:00.000000 UTC,Inside,2621
2025-01-24 01:00:00.000000 UTC,Outside,7343
2025-01-24 02:00:00.000000 UTC,Inside,1226
2025-01-24 02:00:00.000000 UTC,Outside,4735
2025-01-24 03:00:00.000000 UTC,Inside,977
2025-01-24 03:00:00.000000 UTC,Outside,5837
2025-01-24 04:00:00.000000 UTC,Inside,1456
2025-01-24 04:00:00.000000 UTC,Outside,16682
2025-01-24 05:00:00.000000 UTC,Inside,6293
2025-01-24 05:00:00.000000 UTC,Outside,57811
2025-01-24 06:00:00.000000 UTC,Inside,16618
2025-01-24 06:00:00.000000 UTC,Outside,118923
2025-01-24 07:00:00.000000 UTC,Inside,32562
2025-01-24 07:00:00.000000 UTC,Outside,216788
2025-01-24 08:00:00.000000 UTC,Inside,43898
2025-01-24 08:00:00.000000 UTC,Outside,242500
2025-01-24 09:00:00.000000 UTC,Inside,33070
2025-01-24 09:00:00.000000 UTC,Outside,160689
2025-01-24 10:00:00.000000 UTC,Inside,25618
2025-01-24 10:00:00.000000 UTC,Outside,121834
2025-01-24 11:00:00.000000 UTC,Inside,26980
2025-01-24 11:00:00.000000 UTC,Outside,119510
2025-01-24 12:00:00.000000 UTC,Inside,30681
2025-01-24 12:00:00.000000 UTC,Outside,131461
2025-01-24 13:00:00.000000 UTC,Inside,35465
2025-01-24 13:00:00.000000 UTC,Outside,147763
2025-01-24 14:00:00.000000 UTC,Inside,43970
2025-01-24 14:00:00.000000 UTC,Outside,178963
2025-01-24 15:00:00.000000 UTC,Inside,56763
2025-01-24 15:00:00.000000 UTC,Outside,218129
2025-01-24 16:00:00.000000 UTC,Inside,68078
2025-01-24 16:00:00.000000 UTC,Outside,234974
2025-01-24 17:00:00.000000 UTC,Inside,80285
2025-01-24 17:00:00.000000 UTC,Outside,256055
2025-01-24 18:00:00.000000 UTC,Inside,62628
2025-01-24 18:00:00.000000 UTC,Outside,200436
2025-01-24 19:00:00.000000 UTC,Inside,43656
2025-01-24 19:00:00.000000 UTC,Outside,139563
2025-01-24 20:00:00.000000 UTC,Inside,32738
2025-01-24 20:00:00.000000 UTC,Outside,100756
2025-01-24 21:00:00.000000 UTC,Inside,29116
2025-01-24 21:00:00.000000 UTC,Outside,82359
2025-01-24 22:00:00.000000 UTC,Inside,27714
2025-01-24 22:00:00.000000 UTC,Outside,71387
2025-01-24 23:00:00.000000 UTC,Inside,20620
2025-01-24 23:00:00.000000 UTC,Outside,53681
2025-01-25 00:00:00.000000 UTC,Inside,11772
2025-01-25 00:00:00.000000 UTC,Outside,30200
2025-01-25 01:00:00.000000 UTC,Inside,5445
2025-01-25 01:00:00.000000 UTC,Outside,13860
2025-01-25 02:00:00.000000 UTC,Inside,2918
2025-01-25 02:00:00.000000 UTC,Outside,7876
2025-01-25 03:00:00.000000 UTC,Inside,1692
2025-01-25 03:00:00.000000 UTC,Outside,6032
2025-01-25 04:00:00.000000 UTC,Inside,1406
2025-01-25 04:00:00.000000 UTC,Outside,10025
2025-01-25 05:00:00.000000 UTC,Inside,2137
2025-01-25 05:00:00.000000 UTC,Outside,21456
2025-01-25 06:00:00.000000 UTC,Inside,4716
2025-01-25 06:00:00.000000 UTC,Outside,40333
2025-01-25 07:00:00.000000 UTC,Inside,7579
2025-01-25 07:00:00.000000 UTC,Outside,62176
2025-01-25 08:00:00.000000 UTC,Inside,11711
2025-01-25 08:00:00.000000 UTC,Outside,79527
2025-01-25 09:00:00.000000 UTC,Inside,16373
2025-01-25 09:00:00.000000 UTC,Outside,91019
2025-01-25 10:00:00.000000 UTC,Inside,21475
2025-01-25 10:00:00.000000 UTC,Outside,100441
2025-01-25 11:00:00.000000 UTC,Inside,26763
2025-01-25 11:00:00.000000 UTC,Outside,115489
2025-01-25 12:00:00.000000 UTC,Inside,32397
2025-01-25 12:00:00.000000 UTC,Outside,129746
2025-01-25 13:00:00.000000 UTC,Inside,35867
2025-01-25 13:00:00.000000 UTC,Outside,141060
2025-01-25 14:00:00.000000 UTC,Inside,39305
2025-01-25 14:00:00.000000 UTC,Outside,148025
2025-01-25 15:00:00.000000 UTC,Inside,43807
2025-01-25 15:00:00.000000 UTC,Outside,155839
2025-01-25 16:00:00.000000 UTC,Inside,49543
2025-01-25 16:00:00.000000 UTC,Outside,159006
2025-01-25 17:00:00.000000 UTC,Inside,46894
2025-01-25 17:00:00.000000 UTC,Outside,150902
2025-01-25 18:00:00.000000 UTC,Inside,41189
2025-01-25 18:00:00.000000 UTC,Outside,134519
2025-01-25 19:00:00.000000 UTC,Inside,34408
2025-01-25 19:00:00.000000 UTC,Outside,108734
2025-01-25 20:00:00.000000 UTC,Inside,28014
2025-01-25 20:00:00.000000 UTC,Outside,83126
2025-01-25 21:00:00.000000 UTC,Inside,27099
2025-01-25 21:00:00.000000 UTC,Outside,70157
2025-01-25 22:00:00.000000 UTC,Inside,26576
2025-01-25 22:00:00.000000 UTC,Outside,65485
2025-01-25 23:00:00.000000 UTC,Inside,19762
2025-01-25 23:00:00.000000 UTC,Outside,51214
2025-01-26 00:00:00.000000 UTC,Inside,11107
2025-01-26 00:00:00.000000 UTC,Outside,29323
2025-01-26 01:00:00.000000 UTC,Inside,5529
2025-01-26 01:00:00.000000 UTC,Outside,14324
2025-01-26 02:00:00.000000 UTC,Inside,3071
2025-01-26 02:00:00.000000 UTC,Outside,8193
2025-01-26 03:00:00.000000 UTC,Inside,1785
2025-01-26 03:00:00.000000 UTC,Outside,6349
2025-01-26 04:00:00.000000 UTC,Inside,1597
2025-01-26 04:00:00.000000 UTC,Outside,8619
2025-01-26 05:00:00.000000 UTC,Inside,1582
2025-01-26 05:00:00.000000 UTC,Outside,15461
2025-01-26 06:00:00.000000 UTC,Inside,3628
2025-01-26 06:00:00.000000 UTC,Outside,29264
2025-01-26 07:00:00.000000 UTC,Inside,5730
2025-01-26 07:00:00.000000 UTC,Outside,42455
2025-01-26 08:00:00.000000 UTC,Inside,8462
2025-01-26 08:00:00.000000 UTC,Outside,55966
2025-01-26 09:00:00.000000 UTC,Inside,12716
2025-01-26 09:00:00.000000 UTC,Outside,70707
2025-01-26 10:00:00.000000 UTC,Inside,17307
2025-01-26 10:00:00.000000 UTC,Outside,86553
2025-01-26 11:00:00.000000 UTC,Inside,22408
2025-01-26 11:00:00.000000 UTC,Outside,96755
2025-01-26 12:00:00.000000 UTC,Inside,26033
2025-01-26 12:00:00.000000 UTC,Outside,107917
2025-01-26 13:00:00.000000 UTC,Inside,29576
2025-01-26 13:00:00.000000 UTC,Outside,118247
2025-01-26 14:00:00.000000 UTC,Inside,33030
2025-01-26 14:00:00.000000 UTC,Outside,126155
2025-01-26 15:00:00.000000 UTC,Inside,35285
2025-01-26 15:00:00.000000 UTC,Outside,122924
2025-01-26 16:00:00.000000 UTC,Inside,35372
2025-01-26 16:00:00.000000 UTC,Outside,115559
2025-01-26 17:00:00.000000 UTC,Inside,34848
2025-01-26 17:00:00.000000 UTC,Outside,112275
2025-01-26 18:00:00.000000 UTC,Inside,31310
2025-01-26 18:00:00.000000 UTC,Outside,95951
2025-01-26 19:00:00.000000 UTC,Inside,22556
2025-01-26 19:00:00.000000 UTC,Outside,71561
2025-01-26 20:00:00.000000 UTC,Inside,18581
2025-01-26 20:00:00.000000 UTC,Outside,57866
2025-01-26 21:00:00.000000 UTC,Inside,16277
2025-01-26 21:00:00.000000 UTC,Outside,48537
2025-01-26 22:00:00.000000 UTC,Inside,14100
2025-01-26 22:00:00.000000 UTC,Outside,43208
2025-01-26 23:00:00.000000 UTC,Inside,7997
2025-01-26 23:00:00.000000 UTC,Outside,24281
2025-01-27 00:00:00.000000 UTC,Inside,4044
2025-01-27 00:00:00.000000 UTC,Outside,11966
2025-01-27 01:00:00.000000 UTC,Inside,1501
2025-01-27 01:00:00.000000 UTC,Outside,5025
2025-01-27 02:00:00.000000 UTC,Inside,862
2025-01-27 02:00:00.000000 UTC,Outside,3824
2025-01-27 03:00:00.000000 UTC,Inside,792
2025-01-27 03:00:00.000000 UTC,Outside,5374
2025-01-27 04:00:00.000000 UTC,Inside,1385
2025-01-27 04:00:00.000000 UTC,Outside,17209
2025-01-27 05:00:00.000000 UTC,Inside,6395
2025-01-27 05:00:00.000000 UTC,Outside,60202
2025-01-27 06:00:00.000000 UTC,Inside,19085
2025-01-27 06:00:00.000000 UTC,Outside,129183
2025-01-27 07:00:00.000000 UTC,Inside,38932
2025-01-27 07:00:00.000000 UTC,Outside,244821
2025-01-27 08:00:00.000000 UTC,Inside,60987
2025-01-27 08:00:00.000000 UTC,Outside,301588
2025-01-27 09:00:00.000000 UTC,Inside,39883
2025-01-27 09:00:00.000000 UTC,Outside,184496
2025-01-27 10:00:00.000000 UTC,Inside,26751
2025-01-27 10:00:00.000000 UTC,Outside,124922
2025-01-27 11:00:00.000000 UTC,Inside,25808
2025-01-27 11:00:00.000000 UTC,Outside,114254
2025-01-27 12:00:00.000000 UTC,Inside,27847
2025-01-27 12:00:00.000000 UTC,Outside,120407
2025-01-27 13:00:00.000000 UTC,Inside,31770
2025-01-27 13:00:00.000000 UTC,Outside,137809
2025-01-27 14:00:00.000000 UTC,Inside,38568
2025-01-27 14:00:00.000000 UTC,Outside,161955
2025-01-27 15:00:00.000000 UTC,Inside,52652
2025-01-27 15:00:00.000000 UTC,Outside,205907
2025-01-27 16:00:00.000000 UTC,Inside,69311
2025-01-27 16:00:00.000000 UTC,Outside,241044
2025-01-27 17:00:00.000000 UTC,Inside,97062
2025-01-27 17:00:00.000000 UTC,Outside,288598
2025-01-27 18:00:00.000000 UTC,Inside,72013
2025-01-27 18:00:00.000000 UTC,Outside,207383
2025-01-27 19:00:00.000000 UTC,Inside,41243
2025-01-27 19:00:00.000000 UTC,Outside,125740
2025-01-27 20:00:00.000000 UTC,Inside,28263
2025-01-27 20:00:00.000000 UTC,Outside,90012
2025-01-27 21:00:00.000000 UTC,Inside,23797
2025-01-27 21:00:00.000000 UTC,Outside,67671
2025-01-27 22:00:00.000000 UTC,Inside,19712
2025-01-27 22:00:00.000000 UTC,Outside,48870
2025-01-27 23:00:00.000000 UTC,Inside,8993
2025-01-27 23:00:00.000000 UTC,Outside,28345
2025-01-28 00:00:00.000000 UTC,Inside,5153
2025-01-28 00:00:00.000000 UTC,Outside,14206
2025-01-28 01:00:00.000000 UTC,Inside,1637
2025-01-28 01:00:00.000000 UTC,Outside,5561
2025-01-28 02:00:00.000000 UTC,Inside,907
2025-01-28 02:00:00.000000 UTC,Outside,3837
2025-01-28 03:00:00.000000 UTC,Inside,733
2025-01-28 03:00:00.000000 UTC,Outside,5764
2025-01-28 04:00:00.000000 UTC,Inside,1378
2025-01-28 04:00:00.000000 UTC,Outside,17780
2025-01-28 05:00:00.000000 UTC,Inside,6775
2025-01-28 05:00:00.000000 UTC,Outside,63523
2025-01-28 06:00:00.000000 UTC,Inside,20339
2025-01-28 06:00:00.000000 UTC,Outside,141363
2025-01-28 07:00:00.000000 UTC,Inside,45554
2025-01-28 07:00:00.000000 UTC,Outside,296960
2025-01-28 08:00:00.000000 UTC,Inside,76003
2025-01-28 08:00:00.000000 UTC,Outside,362007
2025-01-28 09:00:00.000000 UTC,Inside,49108
2025-01-28 09:00:00.000000 UTC,Outside,212369
2025-01-28 10:00:00.000000 UTC,Inside,28819
2025-01-28 10:00:00.000000 UTC,Outside,131795
2025-01-28 11:00:00.000000 UTC,Inside,26984
2025-01-28 11:00:00.000000 UTC,Outside,115906
2025-01-28 12:00:00.000000 UTC,Inside,29305
2025-01-28 12:00:00.000000 UTC,Outside,122617
2025-01-28 13:00:00.000000 UTC,Inside,33377
2025-01-28 13:00:00.000000 UTC,Outside,140249
2025-01-28 14:00:00.000000 UTC,Inside,42909
2025-01-28 14:00:00.000000 UTC,Outside,178528
2025-01-28 15:00:00.000000 UTC,Inside,61867
2025-01-28 15:00:00.000000 UTC,Outside,230898
2025-01-28 16:00:00.000000 UTC,Inside,78505
2025-01-28 16:00:00.000000 UTC,Outside,263295
2025-01-28 17:00:00.000000 UTC,Inside,114869
2025-01-28 17:00:00.000000 UTC,Outside,324114
2025-01-28 18:00:00.000000 UTC,Inside,81703
2025-01-28 18:00:00.000000 UTC,Outside,231134
2025-01-28 19:00:00.000000 UTC,Inside,45972
2025-01-28 19:00:00.000000 UTC,Outside,136711
2025-01-28 20:00:00.000000 UTC,Inside,32060
2025-01-28 20:00:00.000000 UTC,Outside,99306
2025-01-28 21:00:00.000000 UTC,Inside,30558
2025-01-28 21:00:00.000000 UTC,Outside,79221
2025-01-28 22:00:00.000000 UTC,Inside,20840
2025-01-28 22:00:00.000000 UTC,Outside,55243
2025-01-28 23:00:00.000000 UTC,Inside,10974
2025-01-28 23:00:00.000000 UTC,Outside,32172
2025-01-29 00:00:00.000000 UTC,Inside,6169
2025-01-29 00:00:00.000000 UTC,Outside,16104
2025-01-29 01:00:00.000000 UTC,Inside,2143
2025-01-29 01:00:00.000000 UTC,Outside,6270
2025-01-29 02:00:00.000000 UTC,Inside,1042
2025-01-29 02:00:00.000000 UTC,Outside,4086
2025-01-29 03:00:00.000000 UTC,Inside,765
2025-01-29 03:00:00.000000 UTC,Outside,5702
2025-01-29 04:00:00.000000 UTC,Inside,1397
2025-01-29 04:00:00.000000 UTC,Outside,17040
2025-01-29 05:00:00.000000 UTC,Inside,6427
2025-01-29 05:00:00.000000 UTC,Outside,60383
2025-01-29 06:00:00.000000 UTC,Inside,18367
2025-01-29 06:00:00.000000 UTC,Outside,123253
2025-01-29 07:00:00.000000 UTC,Inside,36428
2025-01-29 07:00:00.000000 UTC,Outside,219926
2025-01-29 08:00:00.000000 UTC,Inside,66402
2025-01-29 08:00:00.000000 UTC,Outside,301965
2025-01-29 09:00:00.000000 UTC,Inside,46353
2025-01-29 09:00:00.000000 UTC,Outside,197479
2025-01-29 10:00:00.000000 UTC,Inside,27929
2025-01-29 10:00:00.000000 UTC,Outside,132044
2025-01-29 11:00:00.000000 UTC,Inside,27376
2025-01-29 11:00:00.000000 UTC,Outside,121835
2025-01-29 12:00:00.000000 UTC,Inside,30427
2025-01-29 12:00:00.000000 UTC,Outside,127488
2025-01-29 13:00:00.000000 UTC,Inside,34775
2025-01-29 13:00:00.000000 UTC,Outside,138747
2025-01-29 14:00:00.000000 UTC,Inside,41293
2025-01-29 14:00:00.000000 UTC,Outside,156752
2025-01-29 15:00:00.000000 UTC,Inside,55472
2025-01-29 15:00:00.000000 UTC,Outside,196268
2025-01-29 16:00:00.000000 UTC,Inside,74796
2025-01-29 16:00:00.000000 UTC,Outside,236137
2025-01-29 17:00:00.000000 UTC,Inside,107782
2025-01-29 17:00:00.000000 UTC,Outside,298713
2025-01-29 18:00:00.000000 UTC,Inside,79500
2025-01-29 18:00:00.000000 UTC,Outside,219819
2025-01-29 19:00:00.000000 UTC,Inside,45902
2025-01-29 19:00:00.000000 UTC,Outside,134411
2025-01-29 20:00:00.000000 UTC,Inside,33617
2025-01-29 20:00:00.000000 UTC,Outside,96487
2025-01-29 21:00:00.000000 UTC,Inside,27766
2025-01-29 21:00:00.000000 UTC,Outside,76805
2025-01-29 22:00:00.000000 UTC,Inside,25572
2025-01-29 22:00:00.000000 UTC,Outside,59239
2025-01-29 23:00:00.000000 UTC,Inside,11812
2025-01-29 23:00:00.000000 UTC,Outside,33119
2025-01-30 00:00:00.000000 UTC,Inside,6390
2025-01-30 00:00:00.000000 UTC,Outside,15865
2025-01-30 01:00:00.000000 UTC,Inside,2115
2025-01-30 01:00:00.000000 UTC,Outside,6493
2025-01-30 02:00:00.000000 UTC,Inside,1093
2025-01-30 02:00:00.000000 UTC,Outside,4220
2025-01-30 03:00:00.000000 UTC,Inside,775
2025-01-30 03:00:00.000000 UTC,Outside,5850
2025-01-30 04:00:00.000000 UTC,Inside,1503
2025-01-30 04:00:00.000000 UTC,Outside,17831
2025-01-30 05:00:00.000000 UTC,Inside,6585
2025-01-30 05:00:00.000000 UTC,Outside,62414
2025-01-30 06:00:00.000000 UTC,Inside,19609
2025-01-30 06:00:00.000000 UTC,Outside,139450
2025-01-30 07:00:00.000000 UTC,Inside,43432
2025-01-30 07:00:00.000000 UTC,Outside,291318
2025-01-30 08:00:00.000000 UTC,Inside,70189
2025-01-30 08:00:00.000000 UTC,Outside,348566
2025-01-30 09:00:00.000000 UTC,Inside,48336
2025-01-30 09:00:00.000000 UTC,Outside,212625
2025-01-30 10:00:00.000000 UTC,Inside,29648
2025-01-30 10:00:00.000000 UTC,Outside,133677
2025-01-30 11:00:00.000000 UTC,Inside,28095
2025-01-30 11:00:00.000000 UTC,Outside,119678
2025-01-30 12:00:00.000000 UTC,Inside,30331
2025-01-30 12:00:00.000000 UTC,Outside,125786
2025-01-30 13:00:00.000000 UTC,Inside,34193
2025-01-30 13:00:00.000000 UTC,Outside,144224
2025-01-30 14:00:00.000000 UTC,Inside,44658
2025-01-30 14:00:00.000000 UTC,Outside,182852
2025-01-30 15:00:00.000000 UTC,Inside,61534
2025-01-30 15:00:00.000000 UTC,Outside,234905
2025-01-30 16:00:00.000000 UTC,Inside,76775
2025-01-30 16:00:00.000000 UTC,Outside,263382
2025-01-30 17:00:00.000000 UTC,Inside,110490
2025-01-30 17:00:00.000000 UTC,Outside,316984
2025-01-30 18:00:00.000000 UTC,Inside,82129
2025-01-30 18:00:00.000000 UTC,Outside,231885
2025-01-30 19:00:00.000000 UTC,Inside,49093
2025-01-30 19:00:00.000000 UTC,Outside,145392
2025-01-30 20:00:00.000000 UTC,Inside,34710
2025-01-30 20:00:00.000000 UTC,Outside,105655
2025-01-30 21:00:00.000000 UTC,Inside,31441
2025-01-30 21:00:00.000000 UTC,Outside,83717
2025-01-30 22:00:00.000000 UTC,Inside,23196
2025-01-30 22:00:00.000000 UTC,Outside,62545
2025-01-30 23:00:00.000000 UTC,Inside,13051
2025-01-30 23:00:00.000000 UTC,Outside,37248
2025-01-31 00:00:00.000000 UTC,Inside,7459
2025-01-31 00:00:00.000000 UTC,Outside,18830
2025-01-31 01:00:00.000000 UTC,Inside,2782
2025-01-31 01:00:00.000000 UTC,Outside,7666
2025-01-31 02:00:00.000000 UTC,Inside,1473
2025-01-31 02:00:00.000000 UTC,Outside,4850
2025-01-31 03:00:00.000000 UTC,Inside,961
2025-01-31 03:00:00.000000 UTC,Outside,6350
2025-01-31 04:00:00.000000 UTC,Inside,1470
2025-01-31 04:00:00.000000 UTC,Outside,17369
2025-01-31 05:00:00.000000 UTC,Inside,6130
2025-01-31 05:00:00.000000 UTC,Outside,58582
2025-01-31 06:00:00.000000 UTC,Inside,16760
2025-01-31 06:00:00.000000 UTC,Outside,123990
2025-01-31 07:00:00.000000 UTC,Inside,34140
2025-01-31 07:00:00.000000 UTC,Outside,248615
2025-01-31 08:00:00.000000 UTC,Inside,45389
2025-01-31 08:00:00.000000 UTC,Outside,259461
2025-01-31 09:00:00.000000 UTC,Inside,32353
2025-01-31 09:00:00.000000 UTC,Outside,163600
2025-01-31 10:00:00.000000 UTC,Inside,24789
2025-01-31 10:00:00.000000 UTC,Outside,121050
2025-01-31 11:00:00.000000 UTC,Inside,26114
2025-01-31 11:00:00.000000 UTC,Outside,116183
2025-01-31 12:00:00.000000 UTC,Inside,29718
2025-01-31 12:00:00.000000 UTC,Outside,125139
2025-01-31 13:00:00.000000 UTC,Inside,34587
2025-01-31 13:00:00.000000 UTC,Outside,146529
2025-01-31 14:00:00.000000 UTC,Inside,46924
2025-01-31 14:00:00.000000 UTC,Outside,191293
2025-01-31 15:00:00.000000 UTC,Inside,60159
2025-01-31 15:00:00.000000 UTC,Outside,234355
2025-01-31 16:00:00.000000 UTC,Inside,67639
2025-01-31 16:00:00.000000 UTC,Outside,239535
2025-01-31 17:00:00.000000 UTC,Inside,79557
2025-01-31 17:00:00.000000 UTC,Outside,253933
2025-01-31 18:00:00.000000 UTC,Inside,60435
2025-01-31 18:00:00.000000 UTC,Outside,190746
2025-01-31 19:00:00.000000 UTC,Inside,40740
2025-01-31 19:00:00.000000 UTC,Outside,129145
2025-01-31 20:00:00.000000 UTC,Inside,30113
2025-01-31 20:00:00.000000 UTC,Outside,95985
2025-01-31 21:00:00.000000 UTC,Inside,29735
2025-01-31 21:00:00.000000 UTC,Outside,81071
2025-01-31 22:00:00.000000 UTC,Inside,25684
2025-01-31 22:00:00.000000 UTC,Outside,67721
2025-01-31 23:00:00.000000 UTC,Inside,16947
2025-01-31 23:00:00.000000 UTC,Outside,48198
2025-02-01 00:00:00.000000 UTC,Inside,11186
2025-02-01 00:00:00.000000 UTC,Outside,28962
2025-02-01 01:00:00.000000 UTC,Inside,5306
2025-02-01 01:00:00.000000 UTC,Outside,13855
2025-02-01 02:00:00.000000 UTC,Inside,2976
2025-02-01 02:00:00.000000 UTC,Outside,8094
2025-02-01 03:00:00.000000 UTC,Inside,1838
2025-02-01 03:00:00.000000 UTC,Outside,6573
2025-02-01 04:00:00.000000 UTC,Inside,1605
2025-02-01 04:00:00.000000 UTC,Outside,10649
2025-02-01 05:00:00.000000 UTC,Inside,2047
2025-02-01 05:00:00.000000 UTC,Outside,22158
2025-02-01 06:00:00.000000 UTC,Inside,4619
2025-02-01 06:00:00.000000 UTC,Outside,41673
2025-02-01 07:00:00.000000 UTC,Inside,7440
2025-02-01 07:00:00.000000 UTC,Outside,63497
2025-02-01 08:00:00.000000 UTC,Inside,11549
2025-02-01 08:00:00.000000 UTC,Outside,80691
2025-02-01 09:00:00.000000 UTC,Inside,15808
2025-02-01 09:00:00.000000 UTC,Outside,90536
2025-02-01 10:00:00.000000 UTC,Inside,20344
2025-02-01 10:00:00.000000 UTC,Outside,101220
2025-02-01 11:00:00.000000 UTC,Inside,25219
2025-02-01 11:00:00.000000 UTC,Outside,115318
2025-02-01 12:00:00.000000 UTC,Inside,29590
2025-02-01 12:00:00.000000 UTC,Outside,129737
2025-02-01 13:00:00.000000 UTC,Inside,33521
2025-02-01 13:00:00.000000 UTC,Outside,142482
2025-02-01 14:00:00.000000 UTC,Inside,38154
2025-02-01 14:00:00.000000 UTC,Outside,151413
2025-02-01 15:00:00.000000 UTC,Inside,43357
2025-02-01 15:00:00.000000 UTC,Outside,159425
2025-02-01 16:00:00.000000 UTC,Inside,46917
2025-02-01 16:00:00.000000 UTC,Outside,159304
2025-02-01 17:00:00.000000 UTC,Inside,45754
2025-02-01 17:00:00.000000 UTC,Outside,154823
2025-02-01 18:00:00.000000 UTC,Inside,41736
2025-02-01 18:00:00.000000 UTC,Outside,135691
2025-02-01 19:00:00.000000 UTC,Inside,33681
2025-02-01 19:00:00.000000 UTC,Outside,110440
2025-02-01 20:00:00.000000 UTC,Inside,25939
2025-02-01 20:00:00.000000 UTC,Outside,82749
2025-02-01 21:00:00.000000 UTC,Inside,23948
2025-02-01 21:00:00.000000 UTC,Outside,69202
2025-02-01 22:00:00.000000 UTC,Inside,23530
2025-02-01 22:00:00.000000 UTC,Outside,63600
2025-02-01 23:00:00.000000 UTC,Inside,20805
2025-02-01 23:00:00.000000 UTC,Outside,51955
2025-02-02 00:00:00.000000 UTC,Inside,11247
2025-02-02 00:00:00.000000 UTC,Outside,28582
2025-02-02 01:00:00.000000 UTC,Inside,5393
2025-02-02 01:00:00.000000 UTC,Outside,13859
2025-02-02 02:00:00.000000 UTC,Inside,2876
2025-02-02 02:00:00.000000 UTC,Outside,7960
2025-02-02 03:00:00.000000 UTC,Inside,1811
2025-02-02 03:00:00.000000 UTC,Outside,6273
2025-02-02 04:00:00.000000 UTC,Inside,1533
2025-02-02 04:00:00.000000 UTC,Outside,8664
2025-02-02 05:00:00.000000 UTC,Inside,1563
2025-02-02 05:00:00.000000 UTC,Outside,15955
2025-02-02 06:00:00.000000 UTC,Inside,3558
2025-02-02 06:00:00.000000 UTC,Outside,30205
2025-02-02 07:00:00.000000 UTC,Inside,5814
2025-02-02 07:00:00.000000 UTC,Outside,43850
2025-02-02 08:00:00.000000 UTC,Inside,8243
2025-02-02 08:00:00.000000 UTC,Outside,56577
2025-02-02 09:00:00.000000 UTC,Inside,12287
2025-02-02 09:00:00.000000 UTC,Outside,73446
2025-02-02 10:00:00.000000 UTC,Inside,16524
2025-02-02 10:00:00.000000 UTC,Outside,85401
2025-02-02 11:00:00.000000 UTC,Inside,21196
2025-02-02 11:00:00.000000 UTC,Outside,94438
2025-02-02 12:00:00.000000 UTC,Inside,24746
2025-02-02 12:00:00.000000 UTC,Outside,107503
2025-02-02 13:00:00.000000 UTC,Inside,28407
2025-02-02 13:00:00.000000 UTC,Outside,118432
2025-02-02 14:00:00.000000 UTC,Inside,30341
2025-02-02 14:00:00.000000 UTC,Outside,122735
2025-02-02 15:00:00.000000 UTC,Inside,34450
2025-02-02 15:00:00.000000 UTC,Outside,123064
2025-02-02 16:00:00.000000 UTC,Inside,34823
2025-02-02 16:00:00.000000 UTC,Outside,116583
2025-02-02 17:00:00.000000 UTC,Inside,34664
2025-02-02 17:00:00.000000 UTC,Outside,111896
2025-02-02 18:00:00.000000 UTC,Inside,30092
2025-02-02 18:00:00.000000 UTC,Outside,92414
2025-02-02 19:00:00.000000 UTC,Inside,21608
2025-02-02 19:00:00.000000 UTC,Outside,68745
2025-02-02 20:00:00.000000 UTC,Inside,18139
2025-02-02 20:00:00.000000 UTC,Outside,54450
2025-02-02 21:00:00.000000 UTC,Inside,15797
2025-02-02 21:00:00.000000 UTC,Outside,46998
2025-02-02 22:00:00.000000 UTC,Inside,12718
2025-02-02 22:00:00.000000 UTC,Outside,36465
2025-02-02 23:00:00.000000 UTC,Inside,7981
2025-02-02 23:00:00.000000 UTC,Outside,24226
2025-02-03 00:00:00.000000 UTC,Inside,4131
2025-02-03 00:00:00.000000 UTC,Outside,12736
2025-02-03 01:00:00.000000 UTC,Inside,1497
2025-02-03 01:00:00.000000 UTC,Outside,5273
2025-02-03 02:00:00.000000 UTC,Inside,901
2025-02-03 02:00:00.000000 UTC,Outside,3790
2025-02-03 03:00:00.000000 UTC,Inside,783
2025-02-03 03:00:00.000000 UTC,Outside,5586
2025-02-03 04:00:00.000000 UTC,Inside,1307
2025-02-03 04:00:00.000000 UTC,Outside,17133
2025-02-03 05:00:00.000000 UTC,Inside,6213
2025-02-03 05:00:00.000000 UTC,Outside,59619
2025-02-03 06:00:00.000000 UTC,Inside,19038
2025-02-03 06:00:00.000000 UTC,Outside,133630
2025-02-03 07:00:00.000000 UTC,Inside,40356
2025-02-03 07:00:00.000000 UTC,Outside,274945
2025-02-03 08:00:00.000000 UTC,Inside,62650
2025-02-03 08:00:00.000000 UTC,Outside,317454
2025-02-03 09:00:00.000000 UTC,Inside,43227
2025-02-03 09:00:00.000000 UTC,Outside,190171
2025-02-03 10:00:00.000000 UTC,Inside,26838
2025-02-03 10:00:00.000000 UTC,Outside,124604
2025-02-03 11:00:00.000000 UTC,Inside,24862
2025-02-03 11:00:00.000000 UTC,Outside,112081
2025-02-03 12:00:00.000000 UTC,Inside,27639
2025-02-03 12:00:00.000000 UTC,Outside,117764
2025-02-03 13:00:00.000000 UTC,Inside,30763
2025-02-03 13:00:00.000000 UTC,Outside,134407
2025-02-03 14:00:00.000000 UTC,Inside,41065
2025-02-03 14:00:00.000000 UTC,Outside,169791
2025-02-03 15:00:00.000000 UTC,Inside,56349
2025-02-03 15:00:00.000000 UTC,Outside,219567
2025-02-03 16:00:00.000000 UTC,Inside,69222
2025-02-03 16:00:00.000000 UTC,Outside,246828
2025-02-03 17:00:00.000000 UTC,Inside,96389
2025-02-03 17:00:00.000000 UTC,Outside,288568
2025-02-03 18:00:00.000000 UTC,Inside,70814
2025-02-03 18:00:00.000000 UTC,Outside,209352
2025-02-03 19:00:00.000000 UTC,Inside,40593
2025-02-03 19:00:00.000000 UTC,Outside,126023
2025-02-03 20:00:00.000000 UTC,Inside,28173
2025-02-03 20:00:00.000000 UTC,Outside,91504
2025-02-03 21:00:00.000000 UTC,Inside,21871
2025-02-03 21:00:00.000000 UTC,Outside,67578
2025-02-03 22:00:00.000000 UTC,Inside,18055
2025-02-03 22:00:00.000000 UTC,Outside,50140
2025-02-03 23:00:00.000000 UTC,Inside,9618
2025-02-03 23:00:00.000000 UTC,Outside,29089
2025-02-04 00:00:00.000000 UTC,Inside,5518
2025-02-04 00:00:00.000000 UTC,Outside,14730
2025-02-04 01:00:00.000000 UTC,Inside,1911
2025-02-04 01:00:00.000000 UTC,Outside,5730
2025-02-04 02:00:00.000000 UTC,Inside,956
2025-02-04 02:00:00.000000 UTC,Outside,3985
2025-02-04 03:00:00.000000 UTC,Inside,803
2025-02-04 03:00:00.000000 UTC,Outside,5823
2025-02-04 04:00:00.000000 UTC,Inside,1421
2025-02-04 04:00:00.000000 UTC,Outside,18089
2025-02-04 05:00:00.000000 UTC,Inside,6687
2025-02-04 05:00:00.000000 UTC,Outside,64361
2025-02-04 06:00:00.000000 UTC,Inside,20645
2025-02-04 06:00:00.000000 UTC,Outside,144722
2025-02-04 07:00:00.000000 UTC,Inside,46763
2025-02-04 07:00:00.000000 UTC,Outside,304346
2025-02-04 08:00:00.000000 UTC,Inside,75815
2025-02-04 08:00:00.000000 UTC,Outside,367992
2025-02-04 09:00:00.000000 UTC,Inside,50940
2025-02-04 09:00:00.000000 UTC,Outside,216482
2025-02-04 10:00:00.000000 UTC,Inside,29834
2025-02-04 10:00:00.000000 UTC,Outside,135879
2025-02-04 11:00:00.000000 UTC,Inside,27126
2025-02-04 11:00:00.000000 UTC,Outside,118643
2025-02-04 12:00:00.000000 UTC,Inside,29788
2025-02-04 12:00:00.000000 UTC,Outside,125081
2025-02-04 13:00:00.000000 UTC,Inside,33564
2025-02-04 13:00:00.000000 UTC,Outside,143504
2025-02-04 14:00:00.000000 UTC,Inside,44287
2025-02-04 14:00:00.000000 UTC,Outside,182731
2025-02-04 15:00:00.000000 UTC,Inside,62126
2025-02-04 15:00:00.000000 UTC,Outside,238207
2025-02-04 16:00:00.000000 UTC,Inside,80022
2025-02-04 16:00:00.000000 UTC,Outside,269441
2025-02-04 17:00:00.000000 UTC,Inside,118112
2025-02-04 17:00:00.000000 UTC,Outside,330737
2025-02-04 18:00:00.000000 UTC,Inside,85614
2025-02-04 18:00:00.000000 UTC,Outside,238247
2025-02-04 19:00:00.000000 UTC,Inside,48422
2025-02-04 19:00:00.000000 UTC,Outside,141740
2025-02-04 20:00:00.000000 UTC,Inside,33597
2025-02-04 20:00:00.000000 UTC,Outside,101763
2025-02-04 21:00:00.000000 UTC,Inside,31434
2025-02-04 21:00:00.000000 UTC,Outside,80055
2025-02-04 22:00:00.000000 UTC,Inside,25663
2025-02-04 22:00:00.000000 UTC,Outside,54377
2025-02-04 23:00:00.000000 UTC,Inside,11239
2025-02-04 23:00:00.000000 UTC,Outside,32210
2025-02-05 00:00:00.000000 UTC,Inside,6030
2025-02-05 00:00:00.000000 UTC,Outside,15727
2025-02-05 01:00:00.000000 UTC,Inside,1875
2025-02-05 01:00:00.000000 UTC,Outside,5983
2025-02-05 02:00:00.000000 UTC,Inside,974
2025-02-05 02:00:00.000000 UTC,Outside,4070
2025-02-05 03:00:00.000000 UTC,Inside,812
2025-02-05 03:00:00.000000 UTC,Outside,5989
2025-02-05 04:00:00.000000 UTC,Inside,1435
2025-02-05 04:00:00.000000 UTC,Outside,18003
2025-02-05 05:00:00.000000 UTC,Inside,6864
2025-02-05 05:00:00.000000 UTC,Outside,64351
2025-02-05 06:00:00.000000 UTC,Inside,20367
2025-02-05 06:00:00.000000 UTC,Outside,142728
2025-02-05 07:00:00.000000 UTC,Inside,45899
2025-02-05 07:00:00.000000 UTC,Outside,298974
2025-02-05 08:00:00.000000 UTC,Inside,75690
2025-02-05 08:00:00.000000 UTC,Outside,364637
2025-02-05 09:00:00.000000 UTC,Inside,51223
2025-02-05 09:00:00.000000 UTC,Outside,218528
2025-02-05 10:00:00.000000 UTC,Inside,30238
2025-02-05 10:00:00.000000 UTC,Outside,138572
2025-02-05 11:00:00.000000 UTC,Inside,27702
2025-02-05 11:00:00.000000 UTC,Outside,122477
2025-02-05 12:00:00.000000 UTC,Inside,31165
2025-02-05 12:00:00.000000 UTC,Outside,129022
2025-02-05 13:00:00.000000 UTC,Inside,35204
2025-02-05 13:00:00.000000 UTC,Outside,147787
2025-02-05 14:00:00.000000 UTC,Inside,46254
2025-02-05 14:00:00.000000 UTC,Outside,186071
2025-02-05 15:00:00.000000 UTC,Inside,61592
2025-02-05 15:00:00.000000 UTC,Outside,235790
2025-02-05 16:00:00.000000 UTC,Inside,80581
2025-02-05 16:00:00.000000 UTC,Outside,267153
2025-02-05 17:00:00.000000 UTC,Inside,117296
2025-02-05 17:00:00.000000 UTC,Outside,328197
2025-02-05 18:00:00.000000 UTC,Inside,86164
2025-02-05 18:00:00.000000 UTC,Outside,239937
2025-02-05 19:00:00.000000 UTC,Inside,49678
2025-02-05 19:00:00.000000 UTC,Outside,143888
2025-02-05 20:00:00.000000 UTC,Inside,35685
2025-02-05 20:00:00.000000 UTC,Outside,105314
2025-02-05 21:00:00.000000 UTC,Inside,32173
2025-02-05 21:00:00.000000 UTC,Outside,82015
2025-02-05 22:00:00.000000 UTC,Inside,26988
2025-02-05 22:00:00.000000 UTC,Outside,58543
2025-02-05 23:00:00.000000 UTC,Inside,12262
2025-02-05 23:00:00.000000 UTC,Outside,34260
2025-02-06 00:00:00.000000 UTC,Inside,6635
2025-02-06 00:00:00.000000 UTC,Outside,16950
2025-02-06 01:00:00.000000 UTC,Inside,2248
2025-02-06 01:00:00.000000 UTC,Outside,6634
2025-02-06 02:00:00.000000 UTC,Inside,1129
2025-02-06 02:00:00.000000 UTC,Outside,4335
2025-02-06 03:00:00.000000 UTC,Inside,859
2025-02-06 03:00:00.000000 UTC,Outside,6115
2025-02-06 04:00:00.000000 UTC,Inside,1431
2025-02-06 04:00:00.000000 UTC,Outside,17544
2025-02-06 05:00:00.000000 UTC,Inside,6364
2025-02-06 05:00:00.000000 UTC,Outside,60734
2025-02-06 06:00:00.000000 UTC,Inside,18662
2025-02-06 06:00:00.000000 UTC,Outside,131499
2025-02-06 07:00:00.000000 UTC,Inside,39701
2025-02-06 07:00:00.000000 UTC,Outside,273345
2025-02-06 08:00:00.000000 UTC,Inside,66491
2025-02-06 08:00:00.000000 UTC,Outside,329619
2025-02-06 09:00:00.000000 UTC,Inside,45471
2025-02-06 09:00:00.000000 UTC,Outside,202627
2025-02-06 10:00:00.000000 UTC,Inside,28233
2025-02-06 10:00:00.000000 UTC,Outside,128041
2025-02-06 11:00:00.000000 UTC,Inside,26090
2025-02-06 11:00:00.000000 UTC,Outside,111104
2025-02-06 12:00:00.000000 UTC,Inside,29118
2025-02-06 12:00:00.000000 UTC,Outside,119925
2025-02-06 13:00:00.000000 UTC,Inside,31720
2025-02-06 13:00:00.000000 UTC,Outside,135583
2025-02-06 14:00:00.000000 UTC,Inside,41523
2025-02-06 14:00:00.000000 UTC,Outside,174649
2025-02-06 15:00:00.000000 UTC,Inside,57425
2025-02-06 15:00:00.000000 UTC,Outside,223576
2025-02-06 16:00:00.000000 UTC,Inside,71776
2025-02-06 16:00:00.000000 UTC,Outside,248524
2025-02-06 17:00:00.000000 UTC,Inside,101530
2025-02-06 17:00:00.000000 UTC,Outside,298351
2025-02-06 18:00:00.000000 UTC,Inside,77976
2025-02-06 18:00:00.000000 UTC,Outside,222609
2025-02-06 19:00:00.000000 UTC,Inside,47076
2025-02-06 19:00:00.000000 UTC,Outside,138356
2025-02-06 20:00:00.000000 UTC,Inside,34157
2025-02-06 20:00:00.000000 UTC,Outside,103043
2025-02-06 21:00:00.000000 UTC,Inside,31042
2025-02-06 21:00:00.000000 UTC,Outside,80560
2025-02-06 22:00:00.000000 UTC,Inside,26774
2025-02-06 22:00:00.000000 UTC,Outside,60983
2025-02-06 23:00:00.000000 UTC,Inside,15841
2025-02-06 23:00:00.000000 UTC,Outside,37334
2025-02-07 00:00:00.000000 UTC,Inside,7627
2025-02-07 00:00:00.000000 UTC,Outside,19122
2025-02-07 01:00:00.000000 UTC,Inside,2881
2025-02-07 01:00:00.000000 UTC,Outside,8060
2025-02-07 02:00:00.000000 UTC,Inside,1512
2025-02-07 02:00:00.000000 UTC,Outside,5125
2025-02-07 03:00:00.000000 UTC,Inside,1104
2025-02-07 03:00:00.000000 UTC,Outside,6541
2025-02-07 04:00:00.000000 UTC,Inside,1504
2025-02-07 04:00:00.000000 UTC,Outside,17858
2025-02-07 05:00:00.000000 UTC,Inside,6556
2025-02-07 05:00:00.000000 UTC,Outside,61071
2025-02-07 06:00:00.000000 UTC,Inside,17510
2025-02-07 06:00:00.000000 UTC,Outside,130542
2025-02-07 07:00:00.000000 UTC,Inside,35373
2025-02-07 07:00:00.000000 UTC,Outside,252215
2025-02-07 08:00:00.000000 UTC,Inside,47248
2025-02-07 08:00:00.000000 UTC,Outside,270449
2025-02-07 09:00:00.000000 UTC,Inside,34703
2025-02-07 09:00:00.000000 UTC,Outside,171099
2025-02-07 10:00:00.000000 UTC,Inside,27020
2025-02-07 10:00:00.000000 UTC,Outside,128924
2025-02-07 11:00:00.000000 UTC,Inside,28692
2025-02-07 11:00:00.000000 UTC,Outside,124182
2025-02-07 12:00:00.000000 UTC,Inside,32754
2025-02-07 12:00:00.000000 UTC,Outside,135830
2025-02-07 13:00:00.000000 UTC,Inside,38042
2025-02-07 13:00:00.000000 UTC,Outside,155962
2025-02-07 14:00:00.000000 UTC,Inside,50112
2025-02-07 14:00:00.000000 UTC,Outside,199025
2025-02-07 15:00:00.000000 UTC,Inside,63964
2025-02-07 15:00:00.000000 UTC,Outside,242207
2025-02-07 16:00:00.000000 UTC,Inside,72216
2025-02-07 16:00:00.000000 UTC,Outside,253348
2025-02-07 17:00:00.000000 UTC,Inside,83702
2025-02-07 17:00:00.000000 UTC,Outside,270212
2025-02-07 18:00:00.000000 UTC,Inside,66428
2025-02-07 18:00:00.000000 UTC,Outside,210351
2025-02-07 19:00:00.000000 UTC,Inside,46190
2025-02-07 19:00:00.000000 UTC,Outside,145201
2025-02-07 20:00:00.000000 UTC,Inside,34690
2025-02-07 20:00:00.000000 UTC,Outside,105310
2025-02-07 21:00:00.000000 UTC,Inside,34952
2025-02-07 21:00:00.000000 UTC,Outside,88685
2025-02-07 22:00:00.000000 UTC,Inside,32636
2025-02-07 22:00:00.000000 UTC,Outside,73925
2025-02-07 23:00:00.000000 UTC,Inside,20338
2025-02-07 23:00:00.000000 UTC,Outside,52456
2025-02-08 00:00:00.000000 UTC,Inside,12418
2025-02-08 00:00:00.000000 UTC,Outside,31176
2025-02-08 01:00:00.000000 UTC,Inside,6208
2025-02-08 01:00:00.000000 UTC,Outside,14702
2025-02-08 02:00:00.000000 UTC,Inside,3150
2025-02-08 02:00:00.000000 UTC,Outside,8472
2025-02-08 03:00:00.000000 UTC,Inside,1761
2025-02-08 03:00:00.000000 UTC,Outside,6743
2025-02-08 04:00:00.000000 UTC,Inside,1531
2025-02-08 04:00:00.000000 UTC,Outside,10530
2025-02-08 05:00:00.000000 UTC,Inside,2072
2025-02-08 05:00:00.000000 UTC,Outside,22303
2025-02-08 06:00:00.000000 UTC,Inside,4646
2025-02-08 06:00:00.000000 UTC,Outside,42791
2025-02-08 07:00:00.000000 UTC,Inside,7909
2025-02-08 07:00:00.000000 UTC,Outside,65810
2025-02-08 08:00:00.000000 UTC,Inside,11675
2025-02-08 08:00:00.000000 UTC,Outside,84828
2025-02-08 09:00:00.000000 UTC,Inside,16561
2025-02-08 09:00:00.000000 UTC,Outside,95459
2025-02-08 10:00:00.000000 UTC,Inside,21804
2025-02-08 10:00:00.000000 UTC,Outside,106295
2025-02-08 11:00:00.000000 UTC,Inside,26919
2025-02-08 11:00:00.000000 UTC,Outside,119575
2025-02-08 12:00:00.000000 UTC,Inside,33010
2025-02-08 12:00:00.000000 UTC,Outside,134969
2025-02-08 13:00:00.000000 UTC,Inside,37057
2025-02-08 13:00:00.000000 UTC,Outside,147187
2025-02-08 14:00:00.000000 UTC,Inside,39767
2025-02-08 14:00:00.000000 UTC,Outside,151798
2025-02-08 15:00:00.000000 UTC,Inside,43509
2025-02-08 15:00:00.000000 UTC,Outside,157972
2025-02-08 16:00:00.000000 UTC,Inside,48027
2025-02-08 16:00:00.000000 UTC,Outside,156055
2025-02-08 17:00:00.000000 UTC,Inside,45010
2025-02-08 17:00:00.000000 UTC,Outside,147962
2025-02-08 18:00:00.000000 UTC,Inside,40980
2025-02-08 18:00:00.000000 UTC,Outside,133041
2025-02-08 19:00:00.000000 UTC,Inside,34268
2025-02-08 19:00:00.000000 UTC,Outside,109736
2025-02-08 20:00:00.000000 UTC,Inside,27222
2025-02-08 20:00:00.000000 UTC,Outside,82469
2025-02-08 21:00:00.000000 UTC,Inside,26096
2025-02-08 21:00:00.000000 UTC,Outside,73283
2025-02-08 22:00:00.000000 UTC,Inside,28306
2025-02-08 22:00:00.000000 UTC,Outside,67722
2025-02-08 23:00:00.000000 UTC,Inside,22812
2025-02-08 23:00:00.000000 UTC,Outside,53356
2025-02-09 00:00:00.000000 UTC,Inside,11804
2025-02-09 00:00:00.000000 UTC,Outside,30017
2025-02-09 01:00:00.000000 UTC,Inside,5936
2025-02-09 01:00:00.000000 UTC,Outside,15073
2025-02-09 02:00:00.000000 UTC,Inside,3401
2025-02-09 02:00:00.000000 UTC,Outside,8508
2025-02-09 03:00:00.000000 UTC,Inside,1972
2025-02-09 03:00:00.000000 UTC,Outside,6395
2025-02-09 04:00:00.000000 UTC,Inside,1639
2025-02-09 04:00:00.000000 UTC,Outside,8940
2025-02-09 05:00:00.000000 UTC,Inside,1615
2025-02-09 05:00:00.000000 UTC,Outside,16254
2025-02-09 06:00:00.000000 UTC,Inside,3403
2025-02-09 06:00:00.000000 UTC,Outside,29933
2025-02-09 07:00:00.000000 UTC,Inside,5325
2025-02-09 07:00:00.000000 UTC,Outside,43368
2025-02-09 08:00:00.000000 UTC,Inside,7958
2025-02-09 08:00:00.000000 UTC,Outside,55094
2025-02-09 09:00:00.000000 UTC,Inside,11672
2025-02-09 09:00:00.000000 UTC,Outside,69527
2025-02-09 10:00:00.000000 UTC,Inside,15866
2025-02-09 10:00:00.000000 UTC,Outside,80987
2025-02-09 11:00:00.000000 UTC,Inside,20182
2025-02-09 11:00:00.000000 UTC,Outside,89650
2025-02-09 12:00:00.000000 UTC,Inside,24367
2025-02-09 12:00:00.000000 UTC,Outside,100721
2025-02-09 13:00:00.000000 UTC,Inside,25935
2025-02-09 13:00:00.000000 UTC,Outside,108417
2025-02-09 14:00:00.000000 UTC,Inside,28062
2025-02-09 14:00:00.000000 UTC,Outside,111757
2025-02-09 15:00:00.000000 UTC,Inside,31431
2025-02-09 15:00:00.000000 UTC,Outside,114580
2025-02-09 16:00:00.000000 UTC,Inside,34468
2025-02-09 16:00:00.000000 UTC,Outside,115356
2025-02-09 17:00:00.000000 UTC,Inside,40209
2025-02-09 17:00:00.000000 UTC,Outside,130183
2025-02-09 18:00:00.000000 UTC,Inside,30448
2025-02-09 18:00:00.000000 UTC,Outside,98091
2025-02-09 19:00:00.000000 UTC,Inside,17880
2025-02-09 19:00:00.000000 UTC,Outside,58381
2025-02-09 20:00:00.000000 UTC,Inside,14921
2025-02-09 20:00:00.000000 UTC,Outside,47279
2025-02-09 21:00:00.000000 UTC,Inside,16310
2025-02-09 21:00:00.000000 UTC,Outside,50716
2025-02-09 22:00:00.000000 UTC,Inside,21936
2025-02-09 22:00:00.000000 UTC,Outside,67753
2025-02-09 23:00:00.000000 UTC,Inside,10326
2025-02-09 23:00:00.000000 UTC,Outside,32330
2025-02-10 00:00:00.000000 UTC,Inside,4478
2025-02-10 00:00:00.000000 UTC,Outside,13575
2025-02-10 01:00:00.000000 UTC,Inside,1742
2025-02-10 01:00:00.000000 UTC,Outside,5695
2025-02-10 02:00:00.000000 UTC,Inside,1099
2025-02-10 02:00:00.000000 UTC,Outside,4049
2025-02-10 03:00:00.000000 UTC,Inside,786
2025-02-10 03:00:00.000000 UTC,Outside,5777
2025-02-10 04:00:00.000000 UTC,Inside,1452
2025-02-10 04:00:00.000000 UTC,Outside,17963
2025-02-10 05:00:00.000000 UTC,Inside,6245
2025-02-10 05:00:00.000000 UTC,Outside,60004
2025-02-10 06:00:00.000000 UTC,Inside,18888
2025-02-10 06:00:00.000000 UTC,Outside,134176
2025-02-10 07:00:00.000000 UTC,Inside,41306
2025-02-10 07:00:00.000000 UTC,Outside,277288
2025-02-10 08:00:00.000000 UTC,Inside,62254
2025-02-10 08:00:00.000000 UTC,Outside,320100
2025-02-10 09:00:00.000000 UTC,Inside,41520
2025-02-10 09:00:00.000000 UTC,Outside,190161
2025-02-10 10:00:00.000000 UTC,Inside,27087
2025-02-10 10:00:00.000000 UTC,Outside,125937
2025-02-10 11:00:00.000000 UTC,Inside,25914
2025-02-10 11:00:00.000000 UTC,Outside,114102
2025-02-10 12:00:00.000000 UTC,Inside,28389
2025-02-10 12:00:00.000000 UTC,Outside,118970
2025-02-10 13:00:00.000000 UTC,Inside,31873
2025-02-10 13:00:00.000000 UTC,Outside,137311
2025-02-10 14:00:00.000000 UTC,Inside,42004
2025-02-10 14:00:00.000000 UTC,Outside,174275
2025-02-10 15:00:00.000000 UTC,Inside,57576
2025-02-10 15:00:00.000000 UTC,Outside,224988
2025-02-10 16:00:00.000000 UTC,Inside,70574
2025-02-10 16:00:00.000000 UTC,Outside,249684
2025-02-10 17:00:00.000000 UTC,Inside,96780
2025-02-10 17:00:00.000000 UTC,Outside,290510
2025-02-10 18:00:00.000000 UTC,Inside,71870
2025-02-10 18:00:00.000000 UTC,Outside,211550
2025-02-10 19:00:00.000000 UTC,Inside,41783
2025-02-10 19:00:00.000000 UTC,Outside,128921
2025-02-10 20:00:00.000000 UTC,Inside,28342
2025-02-10 20:00:00.000000 UTC,Outside,91721
2025-02-10 21:00:00.000000 UTC,Inside,24484
2025-02-10 21:00:00.000000 UTC,Outside,67716
2025-02-10 22:00:00.000000 UTC,Inside,19344
2025-02-10 22:00:00.000000 UTC,Outside,49227
2025-02-10 23:00:00.000000 UTC,Inside,9651
2025-02-10 23:00:00.000000 UTC,Outside,29378
2025-02-11 00:00:00.000000 UTC,Inside,5439
2025-02-11 00:00:00.000000 UTC,Outside,14784
2025-02-11 01:00:00.000000 UTC,Inside,1987
2025-02-11 01:00:00.000000 UTC,Outside,5565
2025-02-11 02:00:00.000000 UTC,Inside,1027
2025-02-11 02:00:00.000000 UTC,Outside,4101
2025-02-11 03:00:00.000000 UTC,Inside,829
2025-02-11 03:00:00.000000 UTC,Outside,5949
2025-02-11 04:00:00.000000 UTC,Inside,1412
2025-02-11 04:00:00.000000 UTC,Outside,17877
2025-02-11 05:00:00.000000 UTC,Inside,6819
2025-02-11 05:00:00.000000 UTC,Outside,63642
2025-02-11 06:00:00.000000 UTC,Inside,20346
2025-02-11 06:00:00.000000 UTC,Outside,142786
2025-02-11 07:00:00.000000 UTC,Inside,46270
2025-02-11 07:00:00.000000 UTC,Outside,301364
2025-02-11 08:00:00.000000 UTC,Inside,76035
2025-02-11 08:00:00.000000 UTC,Outside,366421
2025-02-11 09:00:00.000000 UTC,Inside,50892
2025-02-11 09:00:00.000000 UTC,Outside,218190
2025-02-11 10:00:00.000000 UTC,Inside,29685
2025-02-11 10:00:00.000000 UTC,Outside,135521
2025-02-11 11:00:00.000000 UTC,Inside,27115
2025-02-11 11:00:00.000000 UTC,Outside,117590
2025-02-11 12:00:00.000000 UTC,Inside,30014
2025-02-11 12:00:00.000000 UTC,Outside,124034
2025-02-11 13:00:00.000000 UTC,Inside,33806
2025-02-11 13:00:00.000000 UTC,Outside,143094
2025-02-11 14:00:00.000000 UTC,Inside,43721
2025-02-11 14:00:00.000000 UTC,Outside,181333
2025-02-11 15:00:00.000000 UTC,Inside,60600
2025-02-11 15:00:00.000000 UTC,Outside,234004
2025-02-11 16:00:00.000000 UTC,Inside,78514
2025-02-11 16:00:00.000000 UTC,Outside,265799
2025-02-11 17:00:00.000000 UTC,Inside,116385
2025-02-11 17:00:00.000000 UTC,Outside,325813
2025-02-11 18:00:00.000000 UTC,Inside,82866
2025-02-11 18:00:00.000000 UTC,Outside,236044
2025-02-11 19:00:00.000000 UTC,Inside,47859
2025-02-11 19:00:00.000000 UTC,Outside,139690
2025-02-11 20:00:00.000000 UTC,Inside,33897
2025-02-11 20:00:00.000000 UTC,Outside,103280
2025-02-11 21:00:00.000000 UTC,Inside,28822
2025-02-11 21:00:00.000000 UTC,Outside,78467
2025-02-11 22:00:00.000000 UTC,Inside,20367
2025-02-11 22:00:00.000000 UTC,Outside,53740
2025-02-11 23:00:00.000000 UTC,Inside,12020
2025-02-11 23:00:00.000000 UTC,Outside,33608
2025-02-12 00:00:00.000000 UTC,Inside,6037
2025-02-12 00:00:00.000000 UTC,Outside,15405
2025-02-12 01:00:00.000000 UTC,Inside,2048
2025-02-12 01:00:00.000000 UTC,Outside,6194
2025-02-12 02:00:00.000000 UTC,Inside,1144
2025-02-12 02:00:00.000000 UTC,Outside,4166
2025-02-12 03:00:00.000000 UTC,Inside,892
2025-02-12 03:00:00.000000 UTC,Outside,6092
2025-02-12 04:00:00.000000 UTC,Inside,1517
2025-02-12 04:00:00.000000 UTC,Outside,17880
2025-02-12 05:00:00.000000 UTC,Inside,6607
2025-02-12 05:00:00.000000 UTC,Outside,62462
2025-02-12 06:00:00.000000 UTC,Inside,19138
2025-02-12 06:00:00.000000 UTC,Outside,136296
2025-02-12 07:00:00.000000 UTC,Inside,43140
2025-02-12 07:00:00.000000 UTC,Outside,283525
2025-02-12 08:00:00.000000 UTC,Inside,69382
2025-02-12 08:00:00.000000 UTC,Outside,340316
2025-02-12 09:00:00.000000 UTC,Inside,47898
2025-02-12 09:00:00.000000 UTC,Outside,203552
2025-02-12 10:00:00.000000 UTC,Inside,27646
2025-02-12 10:00:00.000000 UTC,Outside,127123
2025-02-12 11:00:00.000000 UTC,Inside,25739
2025-02-12 11:00:00.000000 UTC,Outside,112785
2025-02-12 12:00:00.000000 UTC,Inside,28307
2025-02-12 12:00:00.000000 UTC,Outside,119285
2025-02-12 13:00:00.000000 UTC,Inside,32599
2025-02-12 13:00:00.000000 UTC,Outside,139219
2025-02-12 14:00:00.000000 UTC,Inside,43075
2025-02-12 14:00:00.000000 UTC,Outside,178417
2025-02-12 15:00:00.000000 UTC,Inside,58323
2025-02-12 15:00:00.000000 UTC,Outside,223535
2025-02-12 16:00:00.000000 UTC,Inside,75208
2025-02-12 16:00:00.000000 UTC,Outside,251398
2025-02-12 17:00:00.000000 UTC,Inside,109027
2025-02-12 17:00:00.000000 UTC,Outside,305144
2025-02-12 18:00:00.000000 UTC,Inside,82146
2025-02-12 18:00:00.000000 UTC,Outside,228642
2025-02-12 19:00:00.000000 UTC,Inside,46464
2025-02-12 19:00:00.000000 UTC,Outside,135821
2025-02-12 20:00:00.000000 UTC,Inside,32395
2025-02-12 20:00:00.000000 UTC,Outside,98344
2025-02-12 21:00:00.000000 UTC,Inside,29948
2025-02-12 21:00:00.000000 UTC,Outside,77597
2025-02-12 22:00:00.000000 UTC,Inside,27428
2025-02-12 22:00:00.000000 UTC,Outside,59236
2025-02-12 23:00:00.000000 UTC,Inside,12315
2025-02-12 23:00:00.000000 UTC,Outside,35316
2025-02-13 00:00:00.000000 UTC,Inside,6320
2025-02-13 00:00:00.000000 UTC,Outside,16894
2025-02-13 01:00:00.000000 UTC,Inside,2337
2025-02-13 01:00:00.000000 UTC,Outside,6354
2025-02-13 02:00:00.000000 UTC,Inside,1178
2025-02-13 02:00:00.000000 UTC,Outside,4319
2025-02-13 03:00:00.000000 UTC,Inside,840
2025-02-13 03:00:00.000000 UTC,Outside,5951
2025-02-13 04:00:00.000000 UTC,Inside,1415
2025-02-13 04:00:00.000000 UTC,Outside,17588
2025-02-13 05:00:00.000000 UTC,Inside,6537
2025-02-13 05:00:00.000000 UTC,Outside,61209
2025-02-13 06:00:00.000000 UTC,Inside,19447
2025-02-13 06:00:00.000000 UTC,Outside,136226
2025-02-13 07:00:00.000000 UTC,Inside,43299
2025-02-13 07:00:00.000000 UTC,Outside,286000
2025-02-13 08:00:00.000000 UTC,Inside,68226
2025-02-13 08:00:00.000000 UTC,Outside,342864
2025-02-13 09:00:00.000000 UTC,Inside,49876
2025-02-13 09:00:00.000000 UTC,Outside,209782
2025-02-13 10:00:00.000000 UTC,Inside,29656
2025-02-13 10:00:00.000000 UTC,Outside,135847
2025-02-13 11:00:00.000000 UTC,Inside,27239
2025-02-13 11:00:00.000000 UTC,Outside,119886
2025-02-13 12:00:00.000000 UTC,Inside,30544
2025-02-13 12:00:00.000000 UTC,Outside,126944
2025-02-13 13:00:00.000000 UTC,Inside,34501
2025-02-13 13:00:00.000000 UTC,Outside,145204
2025-02-13 14:00:00.000000 UTC,Inside,44624
2025-02-13 14:00:00.000000 UTC,Outside,184066
2025-02-13 15:00:00.000000 UTC,Inside,60347
2025-02-13 15:00:00.000000 UTC,Outside,234816
2025-02-13 16:00:00.000000 UTC,Inside,75761
2025-02-13 16:00:00.000000 UTC,Outside,261581
2025-02-13 17:00:00.000000 UTC,Inside,107625
2025-02-13 17:00:00.000000 UTC,Outside,314007
2025-02-13 18:00:00.000000 UTC,Inside,83471
2025-02-13 18:00:00.000000 UTC,Outside,237683
2025-02-13 19:00:00.000000 UTC,Inside,50735
2025-02-13 19:00:00.000000 UTC,Outside,151637
2025-02-13 20:00:00.000000 UTC,Inside,36025
2025-02-13 20:00:00.000000 UTC,Outside,109684
2025-02-13 21:00:00.000000 UTC,Inside,32519
2025-02-13 21:00:00.000000 UTC,Outside,86591
2025-02-13 22:00:00.000000 UTC,Inside,24943
2025-02-13 22:00:00.000000 UTC,Outside,66448
2025-02-13 23:00:00.000000 UTC,Inside,14372
2025-02-13 23:00:00.000000 UTC,Outside,39455
2025-02-14 00:00:00.000000 UTC,Inside,7893
2025-02-14 00:00:00.000000 UTC,Outside,20258
2025-02-14 01:00:00.000000 UTC,Inside,3135
2025-02-14 01:00:00.000000 UTC,Outside,8168
2025-02-14 02:00:00.000000 UTC,Inside,1618
2025-02-14 02:00:00.000000 UTC,Outside,5189
2025-02-14 03:00:00.000000 UTC,Inside,1027
2025-02-14 03:00:00.000000 UTC,Outside,6294
2025-02-14 04:00:00.000000 UTC,Inside,1527
2025-02-14 04:00:00.000000 UTC,Outside,17617
2025-02-14 05:00:00.000000 UTC,Inside,6346
2025-02-14 05:00:00.000000 UTC,Outside,59660
2025-02-14 06:00:00.000000 UTC,Inside,17163
2025-02-14 06:00:00.000000 UTC,Outside,127745
2025-02-14 07:00:00.000000 UTC,Inside,33526
2025-02-14 07:00:00.000000 UTC,Outside,247490
2025-02-14 08:00:00.000000 UTC,Inside,42638
2025-02-14 08:00:00.000000 UTC,Outside,254058
2025-02-14 09:00:00.000000 UTC,Inside,33535
2025-02-14 09:00:00.000000 UTC,Outside,165344
2025-02-14 10:00:00.000000 UTC,Inside,26675
2025-02-14 10:00:00.000000 UTC,Outside,127746
2025-02-14 11:00:00.000000 UTC,Inside,28733
2025-02-14 11:00:00.000000 UTC,Outside,125956
2025-02-14 12:00:00.000000 UTC,Inside,33456
2025-02-14 12:00:00.000000 UTC,Outside,138502
2025-02-14 13:00:00.000000 UTC,Inside,39231
2025-02-14 13:00:00.000000 UTC,Outside,161548
2025-02-14 14:00:00.000000 UTC,Inside,51980
2025-02-14 14:00:00.000000 UTC,Outside,205851
2025-02-14 15:00:00.000000 UTC,Inside,65768
2025-02-14 15:00:00.000000 UTC,Outside,250191
2025-02-14 16:00:00.000000 UTC,Inside,73092
2025-02-14 16:00:00.000000 UTC,Outside,258583
2025-02-14 17:00:00.000000 UTC,Inside,81252
2025-02-14 17:00:00.000000 UTC,Outside,264730
2025-02-14 18:00:00.000000 UTC,Inside,64916
2025-02-14 18:00:00.000000 UTC,Outside,208106
2025-02-14 19:00:00.000000 UTC,Inside,46756
2025-02-14 19:00:00.000000 UTC,Outside,149035
2025-02-14 20:00:00.000000 UTC,Inside,35046
2025-02-14 20:00:00.000000 UTC,Outside,109618
2025-02-14 21:00:00.000000 UTC,Inside,32843
2025-02-14 21:00:00.000000 UTC,Outside,89398
2025-02-14 22:00:00.000000 UTC,Inside,28737
2025-02-14 22:00:00.000000 UTC,Outside,73016
2025-02-14 23:00:00.000000 UTC,Inside,20937
2025-02-14 23:00:00.000000 UTC,Outside,55075
2025-02-15 00:00:00.000000 UTC,Inside,13514
2025-02-15 00:00:00.000000 UTC,Outside,32690
2025-02-15 01:00:00.000000 UTC,Inside,6732
2025-02-15 01:00:00.000000 UTC,Outside,15855
2025-02-15 02:00:00.000000 UTC,Inside,3574
2025-02-15 02:00:00.000000 UTC,Outside,9217
2025-02-15 03:00:00.000000 UTC,Inside,2221
2025-02-15 03:00:00.000000 UTC,Outside,7062
2025-02-15 04:00:00.000000 UTC,Inside,1827
2025-02-15 04:00:00.000000 UTC,Outside,10822
2025-02-15 05:00:00.000000 UTC,Inside,2122
2025-02-15 05:00:00.000000 UTC,Outside,21640
2025-02-15 06:00:00.000000 UTC,Inside,4600
2025-02-15 06:00:00.000000 UTC,Outside,40783
2025-02-15 07:00:00.000000 UTC,Inside,7418
2025-02-15 07:00:00.000000 UTC,Outside,61819
2025-02-15 08:00:00.000000 UTC,Inside,11353
2025-02-15 08:00:00.000000 UTC,Outside,78088
2025-02-15 09:00:00.000000 UTC,Inside,16480
2025-02-15 09:00:00.000000 UTC,Outside,89301
2025-02-15 10:00:00.000000 UTC,Inside,20826
2025-02-15 10:00:00.000000 UTC,Outside,98893
2025-02-15 11:00:00.000000 UTC,Inside,25972
2025-02-15 11:00:00.000000 UTC,Outside,111571
2025-02-15 12:00:00.000000 UTC,Inside,31710
2025-02-15 12:00:00.000000 UTC,Outside,125242
2025-02-15 13:00:00.000000 UTC,Inside,36110
2025-02-15 13:00:00.000000 UTC,Outside,139052
2025-02-15 14:00:00.000000 UTC,Inside,40628
2025-02-15 14:00:00.000000 UTC,Outside,146335
2025-02-15 15:00:00.000000 UTC,Inside,43457
2025-02-15 15:00:00.000000 UTC,Outside,148098
2025-02-15 16:00:00.000000 UTC,Inside,44980
2025-02-15 16:00:00.000000 UTC,Outside,140066
2025-02-15 17:00:00.000000 UTC,Inside,40919
2025-02-15 17:00:00.000000 UTC,Outside,131695
2025-02-15 18:00:00.000000 UTC,Inside,38501
2025-02-15 18:00:00.000000 UTC,Outside,120582
2025-02-15 19:00:00.000000 UTC,Inside,32460
2025-02-15 19:00:00.000000 UTC,Outside,98321
2025-02-15 20:00:00.000000 UTC,Inside,24631
2025-02-15 20:00:00.000000 UTC,Outside,73687
2025-02-15 21:00:00.000000 UTC,Inside,22236
2025-02-15 21:00:00.000000 UTC,Outside,65463
2025-02-15 22:00:00.000000 UTC,Inside,23195
2025-02-15 22:00:00.000000 UTC,Outside,59599
2025-02-15 23:00:00.000000 UTC,Inside,18080
2025-02-15 23:00:00.000000 UTC,Outside,45703
2025-02-16 00:00:00.000000 UTC,Inside,10753
2025-02-16 00:00:00.000000 UTC,Outside,26168
2025-02-16 01:00:00.000000 UTC,Inside,5056
2025-02-16 01:00:00.000000 UTC,Outside,13081
2025-02-16 02:00:00.000000 UTC,Inside,2870
2025-02-16 02:00:00.000000 UTC,Outside,8232
2025-02-16 03:00:00.000000 UTC,Inside,1857
2025-02-16 03:00:00.000000 UTC,Outside,6173
2025-02-16 04:00:00.000000 UTC,Inside,1472
2025-02-16 04:00:00.000000 UTC,Outside,8685
2025-02-16 05:00:00.000000 UTC,Inside,1535
2025-02-16 05:00:00.000000 UTC,Outside,15216
2025-02-16 06:00:00.000000 UTC,Inside,3193
2025-02-16 06:00:00.000000 UTC,Outside,28216
2025-02-16 07:00:00.000000 UTC,Inside,5298
2025-02-16 07:00:00.000000 UTC,Outside,41175
2025-02-16 08:00:00.000000 UTC,Inside,8206
2025-02-16 08:00:00.000000 UTC,Outside,53747
2025-02-16 09:00:00.000000 UTC,Inside,13218
2025-02-16 09:00:00.000000 UTC,Outside,68277
2025-02-16 10:00:00.000000 UTC,Inside,17577
2025-02-16 10:00:00.000000 UTC,Outside,80902
2025-02-16 11:00:00.000000 UTC,Inside,22226
2025-02-16 11:00:00.000000 UTC,Outside,89668
2025-02-16 12:00:00.000000 UTC,Inside,26912
2025-02-16 12:00:00.000000 UTC,Outside,101649
2025-02-16 13:00:00.000000 UTC,Inside,29785
2025-02-16 13:00:00.000000 UTC,Outside,105909
2025-02-16 14:00:00.000000 UTC,Inside,30947
2025-02-16 14:00:00.000000 UTC,Outside,107603
2025-02-16 15:00:00.000000 UTC,Inside,33491
2025-02-16 15:00:00.000000 UTC,Outside,107737
2025-02-16 16:00:00.000000 UTC,Inside,35254
2025-02-16 16:00:00.000000 UTC,Outside,107041
2025-02-16 17:00:00.000000 UTC,Inside,36587
2025-02-16 17:00:00.000000 UTC,Outside,112229
2025-02-16 18:00:00.000000 UTC,Inside,31075
2025-02-16 18:00:00.000000 UTC,Outside,93034
2025-02-16 19:00:00.000000 UTC,Inside,24218
2025-02-16 19:00:00.000000 UTC,Outside,72658
2025-02-16 20:00:00.000000 UTC,Inside,19401
2025-02-16 20:00:00.000000 UTC,Outside,57853
2025-02-16 21:00:00.000000 UTC,Inside,18998
2025-02-16 21:00:00.000000 UTC,Outside,50130
2025-02-16 22:00:00.000000 UTC,Inside,16475
2025-02-16 22:00:00.000000 UTC,Outside,43237
2025-02-16 23:00:00.000000 UTC,Inside,10145
2025-02-16 23:00:00.000000 UTC,Outside,29531
2025-02-17 00:00:00.000000 UTC,Inside,5828
2025-02-17 00:00:00.000000 UTC,Outside,15574
2025-02-17 01:00:00.000000 UTC,Inside,2361
2025-02-17 01:00:00.000000 UTC,Outside,6916
2025-02-17 02:00:00.000000 UTC,Inside,1325
2025-02-17 02:00:00.000000 UTC,Outside,4751
2025-02-17 03:00:00.000000 UTC,Inside,867
2025-02-17 03:00:00.000000 UTC,Outside,5133
2025-02-17 04:00:00.000000 UTC,Inside,1163
2025-02-17 04:00:00.000000 UTC,Outside,12664
2025-02-17 05:00:00.000000 UTC,Inside,3268
2025-02-17 05:00:00.000000 UTC,Outside,39565
2025-02-17 06:00:00.000000 UTC,Inside,8451
2025-02-17 06:00:00.000000 UTC,Outside,72804
2025-02-17 07:00:00.000000 UTC,Inside,13377
2025-02-17 07:00:00.000000 UTC,Outside,101394
2025-02-17 08:00:00.000000 UTC,Inside,20679
2025-02-17 08:00:00.000000 UTC,Outside,122528
2025-02-17 09:00:00.000000 UTC,Inside,21494
2025-02-17 09:00:00.000000 UTC,Outside,106733
2025-02-17 10:00:00.000000 UTC,Inside,22167
2025-02-17 10:00:00.000000 UTC,Outside,100506
2025-02-17 11:00:00.000000 UTC,Inside,25224
2025-02-17 11:00:00.000000 UTC,Outside,106390
2025-02-17 12:00:00.000000 UTC,Inside,29284
2025-02-17 12:00:00.000000 UTC,Outside,118197
2025-02-17 13:00:00.000000 UTC,Inside,31894
2025-02-17 13:00:00.000000 UTC,Outside,127950
2025-02-17 14:00:00.000000 UTC,Inside,36641
2025-02-17 14:00:00.000000 UTC,Outside,142567
2025-02-17 15:00:00.000000 UTC,Inside,44255
2025-02-17 15:00:00.000000 UTC,Outside,159915
2025-02-17 16:00:00.000000 UTC,Inside,46575
2025-02-17 16:00:00.000000 UTC,Outside,159300
2025-02-17 17:00:00.000000 UTC,Inside,49362
2025-02-17 17:00:00.000000 UTC,Outside,165713
2025-02-17 18:00:00.000000 UTC,Inside,42679
2025-02-17 18:00:00.000000 UTC,Outside,134047
2025-02-17 19:00:00.000000 UTC,Inside,30309
2025-02-17 19:00:00.000000 UTC,Outside,94596
2025-02-17 20:00:00.000000 UTC,Inside,22721
2025-02-17 20:00:00.000000 UTC,Outside,71568
2025-02-17 21:00:00.000000 UTC,Inside,18641
2025-02-17 21:00:00.000000 UTC,Outside,57680
2025-02-17 22:00:00.000000 UTC,Inside,14637
2025-02-17 22:00:00.000000 UTC,Outside,43254
2025-02-17 23:00:00.000000 UTC,Inside,8604
2025-02-17 23:00:00.000000 UTC,Outside,27279
2025-02-18 00:00:00.000000 UTC,Inside,4193
2025-02-18 00:00:00.000000 UTC,Outside,12669
2025-02-18 01:00:00.000000 UTC,Inside,1475
2025-02-18 01:00:00.000000 UTC,Outside,5057
2025-02-18 02:00:00.000000 UTC,Inside,824
2025-02-18 02:00:00.000000 UTC,Outside,3936
2025-02-18 03:00:00.000000 UTC,Inside,760
2025-02-18 03:00:00.000000 UTC,Outside,5727
2025-02-18 04:00:00.000000 UTC,Inside,1276
2025-02-18 04:00:00.000000 UTC,Outside,17219
2025-02-18 05:00:00.000000 UTC,Inside,6545
2025-02-18 05:00:00.000000 UTC,Outside,60082
2025-02-18 06:00:00.000000 UTC,Inside,17755
2025-02-18 06:00:00.000000 UTC,Outside,120535
2025-02-18 07:00:00.000000 UTC,Inside,38329
2025-02-18 07:00:00.000000 UTC,Outside,218691
2025-02-18 08:00:00.000000 UTC,Inside,68085
2025-02-18 08:00:00.000000 UTC,Outside,307058
2025-02-18 09:00:00.000000 UTC,Inside,48536
2025-02-18 09:00:00.000000 UTC,Outside,203066
2025-02-18 10:00:00.000000 UTC,Inside,30716
2025-02-18 10:00:00.000000 UTC,Outside,133408
2025-02-18 11:00:00.000000 UTC,Inside,28128
2025-02-18 11:00:00.000000 UTC,Outside,121535
2025-02-18 12:00:00.000000 UTC,Inside,30776
2025-02-18 12:00:00.000000 UTC,Outside,125790
2025-02-18 13:00:00.000000 UTC,Inside,33427
2025-02-18 13:00:00.000000 UTC,Outside,139508
2025-02-18 14:00:00.000000 UTC,Inside,39884
2025-02-18 14:00:00.000000 UTC,Outside,155439
2025-02-18 15:00:00.000000 UTC,Inside,53075
2025-02-18 15:00:00.000000 UTC,Outside,194440
2025-02-18 16:00:00.000000 UTC,Inside,72766
2025-02-18 16:00:00.000000 UTC,Outside,234011
2025-02-18 17:00:00.000000 UTC,Inside,108530
2025-02-18 17:00:00.000000 UTC,Outside,296398
2025-02-18 18:00:00.000000 UTC,Inside,79922
2025-02-18 18:00:00.000000 UTC,Outside,219140
2025-02-18 19:00:00.000000 UTC,Inside,45450
2025-02-18 19:00:00.000000 UTC,Outside,130848
2025-02-18 20:00:00.000000 UTC,Inside,32022
2025-02-18 20:00:00.000000 UTC,Outside,93740
2025-02-18 21:00:00.000000 UTC,Inside,27928
2025-02-18 21:00:00.000000 UTC,Outside,74042
2025-02-18 22:00:00.000000 UTC,Inside,18610
2025-02-18 22:00:00.000000 UTC,Outside,51104
2025-02-18 23:00:00.000000 UTC,Inside,10125
2025-02-18 23:00:00.000000 UTC,Outside,29937
2025-02-19 00:00:00.000000 UTC,Inside,6103
2025-02-19 00:00:00.000000 UTC,Outside,15177
2025-02-19 01:00:00.000000 UTC,Inside,1920
2025-02-19 01:00:00.000000 UTC,Outside,5809
2025-02-19 02:00:00.000000 UTC,Inside,998
2025-02-19 02:00:00.000000 UTC,Outside,3824
2025-02-19 03:00:00.000000 UTC,Inside,775
2025-02-19 03:00:00.000000 UTC,Outside,5626
2025-02-19 04:00:00.000000 UTC,Inside,1380
2025-02-19 04:00:00.000000 UTC,Outside,16845
2025-02-19 05:00:00.000000 UTC,Inside,6300
2025-02-19 05:00:00.000000 UTC,Outside,60112
2025-02-19 06:00:00.000000 UTC,Inside,18353
2025-02-19 06:00:00.000000 UTC,Outside,122879
2025-02-19 07:00:00.000000 UTC,Inside,38558
2025-02-19 07:00:00.000000 UTC,Outside,224734
2025-02-19 08:00:00.000000 UTC,Inside,69191
2025-02-19 08:00:00.000000 UTC,Outside,316891
2025-02-19 09:00:00.000000 UTC,Inside,51661
2025-02-19 09:00:00.000000 UTC,Outside,207981
2025-02-19 10:00:00.000000 UTC,Inside,31229
2025-02-19 10:00:00.000000 UTC,Outside,137340
2025-02-19 11:00:00.000000 UTC,Inside,28295
2025-02-19 11:00:00.000000 UTC,Outside,124420
2025-02-19 12:00:00.000000 UTC,Inside,31818
2025-02-19 12:00:00.000000 UTC,Outside,130856
2025-02-19 13:00:00.000000 UTC,Inside,35279
2025-02-19 13:00:00.000000 UTC,Outside,142894
2025-02-19 14:00:00.000000 UTC,Inside,41756
2025-02-19 14:00:00.000000 UTC,Outside,160159
2025-02-19 15:00:00.000000 UTC,Inside,54965
2025-02-19 15:00:00.000000 UTC,Outside,198145
2025-02-19 16:00:00.000000 UTC,Inside,77209
2025-02-19 16:00:00.000000 UTC,Outside,240756
2025-02-19 17:00:00.000000 UTC,Inside,111979
2025-02-19 17:00:00.000000 UTC,Outside,304021
2025-02-19 18:00:00.000000 UTC,Inside,83027
2025-02-19 18:00:00.000000 UTC,Outside,226605
2025-02-19 19:00:00.000000 UTC,Inside,49332
2025-02-19 19:00:00.000000 UTC,Outside,138747
2025-02-19 20:00:00.000000 UTC,Inside,34229
2025-02-19 20:00:00.000000 UTC,Outside,100651
2025-02-19 21:00:00.000000 UTC,Inside,27708
2025-02-19 21:00:00.000000 UTC,Outside,76725
2025-02-19 22:00:00.000000 UTC,Inside,21426
2025-02-19 22:00:00.000000 UTC,Outside,57140
2025-02-19 23:00:00.000000 UTC,Inside,11727
2025-02-19 23:00:00.000000 UTC,Outside,32799
2025-02-20 00:00:00.000000 UTC,Inside,6506
2025-02-20 00:00:00.000000 UTC,Outside,16359
2025-02-20 01:00:00.000000 UTC,Inside,2108
2025-02-20 01:00:00.000000 UTC,Outside,6187
2025-02-20 02:00:00.000000 UTC,Inside,1128
2025-02-20 02:00:00.000000 UTC,Outside,4344
2025-02-20 03:00:00.000000 UTC,Inside,812
2025-02-20 03:00:00.000000 UTC,Outside,5886
2025-02-20 04:00:00.000000 UTC,Inside,1399
2025-02-20 04:00:00.000000 UTC,Outside,17259
2025-02-20 05:00:00.000000 UTC,Inside,6452
2025-02-20 05:00:00.000000 UTC,Outside,59101
2025-02-20 06:00:00.000000 UTC,Inside,17313
2025-02-20 06:00:00.000000 UTC,Outside,120288
2025-02-20 07:00:00.000000 UTC,Inside,37019
2025-02-20 07:00:00.000000 UTC,Outside,218875
2025-02-20 08:00:00.000000 UTC,Inside,65297
2025-02-20 08:00:00.000000 UTC,Outside,303035
2025-02-20 09:00:00.000000 UTC,Inside,47839
2025-02-20 09:00:00.000000 UTC,Outside,203813
2025-02-20 10:00:00.000000 UTC,Inside,30278
2025-02-20 10:00:00.000000 UTC,Outside,135689
2025-02-20 11:00:00.000000 UTC,Inside,28166
2025-02-20 11:00:00.000000 UTC,Outside,122481
2025-02-20 12:00:00.000000 UTC,Inside,31503
2025-02-20 12:00:00.000000 UTC,Outside,129974
2025-02-20 13:00:00.000000 UTC,Inside,35044
2025-02-20 13:00:00.000000 UTC,Outside,142886
2025-02-20 14:00:00.000000 UTC,Inside,41669
2025-02-20 14:00:00.000000 UTC,Outside,160950
2025-02-20 15:00:00.000000 UTC,Inside,54862
2025-02-20 15:00:00.000000 UTC,Outside,202439
2025-02-20 16:00:00.000000 UTC,Inside,73502
2025-02-20 16:00:00.000000 UTC,Outside,243105
2025-02-20 17:00:00.000000 UTC,Inside,108621
2025-02-20 17:00:00.000000 UTC,Outside,299783
2025-02-20 18:00:00.000000 UTC,Inside,83333
2025-02-20 18:00:00.000000 UTC,Outside,227722
2025-02-20 19:00:00.000000 UTC,Inside,49954
2025-02-20 19:00:00.000000 UTC,Outside,140843
2025-02-20 20:00:00.000000 UTC,Inside,34113
2025-02-20 20:00:00.000000 UTC,Outside,100731
2025-02-20 21:00:00.000000 UTC,Inside,32437
2025-02-20 21:00:00.000000 UTC,Outside,79457
2025-02-20 22:00:00.000000 UTC,Inside,31084
2025-02-20 22:00:00.000000 UTC,Outside,64250
2025-02-20 23:00:00.000000 UTC,Inside,13596
2025-02-20 23:00:00.000000 UTC,Outside,37099
2025-02-21 00:00:00.000000 UTC,Inside,7602
2025-02-21 00:00:00.000000 UTC,Outside,18313
2025-02-21 01:00:00.000000 UTC,Inside,2682
2025-02-21 01:00:00.000000 UTC,Outside,7336
2025-02-21 02:00:00.000000 UTC,Inside,1365
2025-02-21 02:00:00.000000 UTC,Outside,4664
2025-02-21 03:00:00.000000 UTC,Inside,1016
2025-02-21 03:00:00.000000 UTC,Outside,5971
2025-02-21 04:00:00.000000 UTC,Inside,1489
2025-02-21 04:00:00.000000 UTC,Outside,16786
2025-02-21 05:00:00.000000 UTC,Inside,6068
2025-02-21 05:00:00.000000 UTC,Outside,57178
2025-02-21 06:00:00.000000 UTC,Inside,15447
2025-02-21 06:00:00.000000 UTC,Outside,111746
2025-02-21 07:00:00.000000 UTC,Inside,27790
2025-02-21 07:00:00.000000 UTC,Outside,184944
2025-02-21 08:00:00.000000 UTC,Inside,41726
2025-02-21 08:00:00.000000 UTC,Outside,220932
2025-02-21 09:00:00.000000 UTC,Inside,33314
2025-02-21 09:00:00.000000 UTC,Outside,160474
2025-02-21 10:00:00.000000 UTC,Inside,27725
2025-02-21 10:00:00.000000 UTC,Outside,125068
2025-02-21 11:00:00.000000 UTC,Inside,27706
2025-02-21 11:00:00.000000 UTC,Outside,121747
2025-02-21 12:00:00.000000 UTC,Inside,31688
2025-02-21 12:00:00.000000 UTC,Outside,130589
2025-02-21 13:00:00.000000 UTC,Inside,36198
2025-02-21 13:00:00.000000 UTC,Outside,146515
2025-02-21 14:00:00.000000 UTC,Inside,43992
2025-02-21 14:00:00.000000 UTC,Outside,168497
2025-02-21 15:00:00.000000 UTC,Inside,56471
2025-02-21 15:00:00.000000 UTC,Outside,206888
2025-02-21 16:00:00.000000 UTC,Inside,67452
2025-02-21 16:00:00.000000 UTC,Outside,228496
2025-02-21 17:00:00.000000 UTC,Inside,78291
2025-02-21 17:00:00.000000 UTC,Outside,249753
2025-02-21 18:00:00.000000 UTC,Inside,62629
2025-02-21 18:00:00.000000 UTC,Outside,197276
2025-02-21 19:00:00.000000 UTC,Inside,45019
2025-02-21 19:00:00.000000 UTC,Outside,139400
2025-02-21 20:00:00.000000 UTC,Inside,33582
2025-02-21 20:00:00.000000 UTC,Outside,100674
2025-02-21 21:00:00.000000 UTC,Inside,30090
2025-02-21 21:00:00.000000 UTC,Outside,84246
2025-02-21 22:00:00.000000 UTC,Inside,26377
2025-02-21 22:00:00.000000 UTC,Outside,70461
2025-02-21 23:00:00.000000 UTC,Inside,18544
2025-02-21 23:00:00.000000 UTC,Outside,49971
2025-02-22 00:00:00.000000 UTC,Inside,11711
2025-02-22 00:00:00.000000 UTC,Outside,27854
2025-02-22 01:00:00.000000 UTC,Inside,5354
2025-02-22 01:00:00.000000 UTC,Outside,13274
2025-02-22 02:00:00.000000 UTC,Inside,2911
2025-02-22 02:00:00.000000 UTC,Outside,8039
2025-02-22 03:00:00.000000 UTC,Inside,1704
2025-02-22 03:00:00.000000 UTC,Outside,6612
2025-02-22 04:00:00.000000 UTC,Inside,1522
2025-02-22 04:00:00.000000 UTC,Outside,10263
2025-02-22 05:00:00.000000 UTC,Inside,2106
2025-02-22 05:00:00.000000 UTC,Outside,21712
2025-02-22 06:00:00.000000 UTC,Inside,4999
2025-02-22 06:00:00.000000 UTC,Outside,42517
2025-02-22 07:00:00.000000 UTC,Inside,7839
2025-02-22 07:00:00.000000 UTC,Outside,63566
2025-02-22 08:00:00.000000 UTC,Inside,11967
2025-02-22 08:00:00.000000 UTC,Outside,79222
2025-02-22 09:00:00.000000 UTC,Inside,16580
2025-02-22 09:00:00.000000 UTC,Outside,92202
2025-02-22 10:00:00.000000 UTC,Inside,21494
2025-02-22 10:00:00.000000 UTC,Outside,101385
2025-02-22 11:00:00.000000 UTC,Inside,26338
2025-02-22 11:00:00.000000 UTC,Outside,114089
2025-02-22 12:00:00.000000 UTC,Inside,30993
2025-02-22 12:00:00.000000 UTC,Outside,130096
2025-02-22 13:00:00.000000 UTC,Inside,35651
2025-02-22 13:00:00.000000 UTC,Outside,140661
2025-02-22 14:00:00.000000 UTC,Inside,38600
2025-02-22 14:00:00.000000 UTC,Outside,145996
2025-02-22 15:00:00.000000 UTC,Inside,43860
2025-02-22 15:00:00.000000 UTC,Outside,154879
2025-02-22 16:00:00.000000 UTC,Inside,47899
2025-02-22 16:00:00.000000 UTC,Outside,154983
2025-02-22 17:00:00.000000 UTC,Inside,46546
2025-02-22 17:00:00.000000 UTC,Outside,148365
2025-02-22 18:00:00.000000 UTC,Inside,43797
2025-02-22 18:00:00.000000 UTC,Outside,139178
2025-02-22 19:00:00.000000 UTC,Inside,35854
2025-02-22 19:00:00.000000 UTC,Outside,112191
2025-02-22 20:00:00.000000 UTC,Inside,27587
2025-02-22 20:00:00.000000 UTC,Outside,83231
2025-02-22 21:00:00.000000 UTC,Inside,25334
2025-02-22 21:00:00.000000 UTC,Outside,70921
2025-02-22 22:00:00.000000 UTC,Inside,26792
2025-02-22 22:00:00.000000 UTC,Outside,67428
2025-02-22 23:00:00.000000 UTC,Inside,25591
2025-02-22 23:00:00.000000 UTC,Outside,49737
2025-02-23 00:00:00.000000 UTC,Inside,11705
2025-02-23 00:00:00.000000 UTC,Outside,29168
2025-02-23 01:00:00.000000 UTC,Inside,5984
2025-02-23 01:00:00.000000 UTC,Outside,14974
2025-02-23 02:00:00.000000 UTC,Inside,3047
2025-02-23 02:00:00.000000 UTC,Outside,9045
2025-02-23 03:00:00.000000 UTC,Inside,1965
2025-02-23 03:00:00.000000 UTC,Outside,6658
2025-02-23 04:00:00.000000 UTC,Inside,1687
2025-02-23 04:00:00.000000 UTC,Outside,8741
2025-02-23 05:00:00.000000 UTC,Inside,1620
2025-02-23 05:00:00.000000 UTC,Outside,15798
2025-02-23 06:00:00.000000 UTC,Inside,3607
2025-02-23 06:00:00.000000 UTC,Outside,29905
2025-02-23 07:00:00.000000 UTC,Inside,5690
2025-02-23 07:00:00.000000 UTC,Outside,43604
2025-02-23 08:00:00.000000 UTC,Inside,8965
2025-02-23 08:00:00.000000 UTC,Outside,57264
2025-02-23 09:00:00.000000 UTC,Inside,13628
2025-02-23 09:00:00.000000 UTC,Outside,73692
2025-02-23 10:00:00.000000 UTC,Inside,17700
2025-02-23 10:00:00.000000 UTC,Outside,87004
2025-02-23 11:00:00.000000 UTC,Inside,22150
2025-02-23 11:00:00.000000 UTC,Outside,97050
2025-02-23 12:00:00.000000 UTC,Inside,25666
2025-02-23 12:00:00.000000 UTC,Outside,107720
2025-02-23 13:00:00.000000 UTC,Inside,29096
2025-02-23 13:00:00.000000 UTC,Outside,117730
2025-02-23 14:00:00.000000 UTC,Inside,32368
2025-02-23 14:00:00.000000 UTC,Outside,124942
2025-02-23 15:00:00.000000 UTC,Inside,34286
2025-02-23 15:00:00.000000 UTC,Outside,125276
2025-02-23 16:00:00.000000 UTC,Inside,36322
2025-02-23 16:00:00.000000 UTC,Outside,120619
2025-02-23 17:00:00.000000 UTC,Inside,36553
2025-02-23 17:00:00.000000 UTC,Outside,112466
2025-02-23 18:00:00.000000 UTC,Inside,32317
2025-02-23 18:00:00.000000 UTC,Outside,98792
2025-02-23 19:00:00.000000 UTC,Inside,24202
2025-02-23 19:00:00.000000 UTC,Outside,74615
2025-02-23 20:00:00.000000 UTC,Inside,18756
2025-02-23 20:00:00.000000 UTC,Outside,57438
2025-02-23 21:00:00.000000 UTC,Inside,16347
2025-02-23 21:00:00.000000 UTC,Outside,49309
2025-02-23 22:00:00.000000 UTC,Inside,13135
2025-02-23 22:00:00.000000 UTC,Outside,41463
2025-02-23 23:00:00.000000 UTC,Inside,8345
2025-02-23 23:00:00.000000 UTC,Outside,25107
2025-02-24 00:00:00.000000 UTC,Inside,4061
2025-02-24 00:00:00.000000 UTC,Outside,12327
2025-02-24 01:00:00.000000 UTC,Inside,1529
2025-02-24 01:00:00.000000 UTC,Outside,5309
2025-02-24 02:00:00.000000 UTC,Inside,889
2025-02-24 02:00:00.000000 UTC,Outside,3818
2025-02-24 03:00:00.000000 UTC,Inside,660
2025-02-24 03:00:00.000000 UTC,Outside,5627
2025-02-24 04:00:00.000000 UTC,Inside,1303
2025-02-24 04:00:00.000000 UTC,Outside,17449
2025-02-24 05:00:00.000000 UTC,Inside,6426
2025-02-24 05:00:00.000000 UTC,Outside,61697
2025-02-24 06:00:00.000000 UTC,Inside,19480
2025-02-24 06:00:00.000000 UTC,Outside,140632
2025-02-24 07:00:00.000000 UTC,Inside,42102
2025-02-24 07:00:00.000000 UTC,Outside,284427
2025-02-24 08:00:00.000000 UTC,Inside,62768
2025-02-24 08:00:00.000000 UTC,Outside,318084
2025-02-24 09:00:00.000000 UTC,Inside,39576
2025-02-24 09:00:00.000000 UTC,Outside,187455
2025-02-24 10:00:00.000000 UTC,Inside,25759
2025-02-24 10:00:00.000000 UTC,Outside,124370
2025-02-24 11:00:00.000000 UTC,Inside,24671
2025-02-24 11:00:00.000000 UTC,Outside,113273
2025-02-24 12:00:00.000000 UTC,Inside,27574
2025-02-24 12:00:00.000000 UTC,Outside,120077
2025-02-24 13:00:00.000000 UTC,Inside,30513
2025-02-24 13:00:00.000000 UTC,Outside,136927
2025-02-24 14:00:00.000000 UTC,Inside,40921
2025-02-24 14:00:00.000000 UTC,Outside,173440
2025-02-24 15:00:00.000000 UTC,Inside,55714
2025-02-24 15:00:00.000000 UTC,Outside,224428
2025-02-24 16:00:00.000000 UTC,Inside,68592
2025-02-24 16:00:00.000000 UTC,Outside,249113
2025-02-24 17:00:00.000000 UTC,Inside,94351
2025-02-24 17:00:00.000000 UTC,Outside,288956
2025-02-24 18:00:00.000000 UTC,Inside,69519
2025-02-24 18:00:00.000000 UTC,Outside,208614
2025-02-24 19:00:00.000000 UTC,Inside,40792
2025-02-24 19:00:00.000000 UTC,Outside,127584
2025-02-24 20:00:00.000000 UTC,Inside,27960
2025-02-24 20:00:00.000000 UTC,Outside,91348
2025-02-24 21:00:00.000000 UTC,Inside,21186
2025-02-24 21:00:00.000000 UTC,Outside,67048
2025-02-24 22:00:00.000000 UTC,Inside,15733
2025-02-24 22:00:00.000000 UTC,Outside,48191
2025-02-24 23:00:00.000000 UTC,Inside,9321
2025-02-24 23:00:00.000000 UTC,Outside,29708
2025-02-25 00:00:00.000000 UTC,Inside,5113
2025-02-25 00:00:00.000000 UTC,Outside,14511
2025-02-25 01:00:00.000000 UTC,Inside,1790
2025-02-25 01:00:00.000000 UTC,Outside,5730
2025-02-25 02:00:00.000000 UTC,Inside,970
2025-02-25 02:00:00.000000 UTC,Outside,4219
2025-02-25 03:00:00.000000 UTC,Inside,738
2025-02-25 03:00:00.000000 UTC,Outside,5901
2025-02-25 04:00:00.000000 UTC,Inside,1487
2025-02-25 04:00:00.000000 UTC,Outside,17956
2025-02-25 05:00:00.000000 UTC,Inside,6925
2025-02-25 05:00:00.000000 UTC,Outside,64487
2025-02-25 06:00:00.000000 UTC,Inside,20430
2025-02-25 06:00:00.000000 UTC,Outside,146798
2025-02-25 07:00:00.000000 UTC,Inside,46071
2025-02-25 07:00:00.000000 UTC,Outside,306215
2025-02-25 08:00:00.000000 UTC,Inside,74665
2025-02-25 08:00:00.000000 UTC,Outside,363857
2025-02-25 09:00:00.000000 UTC,Inside,50059
2025-02-25 09:00:00.000000 UTC,Outside,215027
2025-02-25 10:00:00.000000 UTC,Inside,29256
2025-02-25 10:00:00.000000 UTC,Outside,134999
2025-02-25 11:00:00.000000 UTC,Inside,26542
2025-02-25 11:00:00.000000 UTC,Outside,118988
2025-02-25 12:00:00.000000 UTC,Inside,28816
2025-02-25 12:00:00.000000 UTC,Outside,124789
2025-02-25 13:00:00.000000 UTC,Inside,32546
2025-02-25 13:00:00.000000 UTC,Outside,142462
2025-02-25 14:00:00.000000 UTC,Inside,42510
2025-02-25 14:00:00.000000 UTC,Outside,181088
2025-02-25 15:00:00.000000 UTC,Inside,59661
2025-02-25 15:00:00.000000 UTC,Outside,231906
2025-02-25 16:00:00.000000 UTC,Inside,75463
2025-02-25 16:00:00.000000 UTC,Outside,261812
2025-02-25 17:00:00.000000 UTC,Inside,113002
2025-02-25 17:00:00.000000 UTC,Outside,323290
2025-02-25 18:00:00.000000 UTC,Inside,81590
2025-02-25 18:00:00.000000 UTC,Outside,234588
2025-02-25 19:00:00.000000 UTC,Inside,46690
2025-02-25 19:00:00.000000 UTC,Outside,141193
2025-02-25 20:00:00.000000 UTC,Inside,32651
2025-02-25 20:00:00.000000 UTC,Outside,102563
2025-02-25 21:00:00.000000 UTC,Inside,28930
2025-02-25 21:00:00.000000 UTC,Outside,78555
2025-02-25 22:00:00.000000 UTC,Inside,20105
2025-02-25 22:00:00.000000 UTC,Outside,55526
2025-02-25 23:00:00.000000 UTC,Inside,11073
2025-02-25 23:00:00.000000 UTC,Outside,33667
2025-02-26 00:00:00.000000 UTC,Inside,6128
2025-02-26 00:00:00.000000 UTC,Outside,15685
2025-02-26 01:00:00.000000 UTC,Inside,2100
2025-02-26 01:00:00.000000 UTC,Outside,6096
2025-02-26 02:00:00.000000 UTC,Inside,1025
2025-02-26 02:00:00.000000 UTC,Outside,4250
2025-02-26 03:00:00.000000 UTC,Inside,799
2025-02-26 03:00:00.000000 UTC,Outside,5910
2025-02-26 04:00:00.000000 UTC,Inside,1573
2025-02-26 04:00:00.000000 UTC,Outside,17873
2025-02-26 05:00:00.000000 UTC,Inside,6833
2025-02-26 05:00:00.000000 UTC,Outside,64098
2025-02-26 06:00:00.000000 UTC,Inside,20604
2025-02-26 06:00:00.000000 UTC,Outside,148490
2025-02-26 07:00:00.000000 UTC,Inside,45746
2025-02-26 07:00:00.000000 UTC,Outside,305123
2025-02-26 08:00:00.000000 UTC,Inside,74169
2025-02-26 08:00:00.000000 UTC,Outside,362199
2025-02-26 09:00:00.000000 UTC,Inside,49192
2025-02-26 09:00:00.000000 UTC,Outside,216890
2025-02-26 10:00:00.000000 UTC,Inside,30350
2025-02-26 10:00:00.000000 UTC,Outside,139063
2025-02-26 11:00:00.000000 UTC,Inside,28251
2025-02-26 11:00:00.000000 UTC,Outside,124553
2025-02-26 12:00:00.000000 UTC,Inside,31263
2025-02-26 12:00:00.000000 UTC,Outside,131396
2025-02-26 13:00:00.000000 UTC,Inside,35646
2025-02-26 13:00:00.000000 UTC,Outside,150330
2025-02-26 14:00:00.000000 UTC,Inside,45455
2025-02-26 14:00:00.000000 UTC,Outside,187650
2025-02-26 15:00:00.000000 UTC,Inside,61433
2025-02-26 15:00:00.000000 UTC,Outside,234829
2025-02-26 16:00:00.000000 UTC,Inside,80099
2025-02-26 16:00:00.000000 UTC,Outside,266628
2025-02-26 17:00:00.000000 UTC,Inside,114808
2025-02-26 17:00:00.000000 UTC,Outside,323902
2025-02-26 18:00:00.000000 UTC,Inside,85504
2025-02-26 18:00:00.000000 UTC,Outside,240770
2025-02-26 19:00:00.000000 UTC,Inside,49451
2025-02-26 19:00:00.000000 UTC,Outside,146964
2025-02-26 20:00:00.000000 UTC,Inside,35927
2025-02-26 20:00:00.000000 UTC,Outside,106406
2025-02-26 21:00:00.000000 UTC,Inside,30902
2025-02-26 21:00:00.000000 UTC,Outside,84392
2025-02-26 22:00:00.000000 UTC,Inside,32219
2025-02-26 22:00:00.000000 UTC,Outside,63137
2025-02-26 23:00:00.000000 UTC,Inside,12611
2025-02-26 23:00:00.000000 UTC,Outside,34712
2025-02-27 00:00:00.000000 UTC,Inside,6711
2025-02-27 00:00:00.000000 UTC,Outside,17101
2025-02-27 01:00:00.000000 UTC,Inside,2288
2025-02-27 01:00:00.000000 UTC,Outside,6759
2025-02-27 02:00:00.000000 UTC,Inside,1269
2025-02-27 02:00:00.000000 UTC,Outside,4655
2025-02-27 03:00:00.000000 UTC,Inside,929
2025-02-27 03:00:00.000000 UTC,Outside,5993
2025-02-27 04:00:00.000000 UTC,Inside,1632
2025-02-27 04:00:00.000000 UTC,Outside,17958
2025-02-27 05:00:00.000000 UTC,Inside,6737
2025-02-27 05:00:00.000000 UTC,Outside,63838
2025-02-27 06:00:00.000000 UTC,Inside,19703
2025-02-27 06:00:00.000000 UTC,Outside,142214
2025-02-27 07:00:00.000000 UTC,Inside,43989
2025-02-27 07:00:00.000000 UTC,Outside,293883
2025-02-27 08:00:00.000000 UTC,Inside,69634
2025-02-27 08:00:00.000000 UTC,Outside,348074
2025-02-27 09:00:00.000000 UTC,Inside,48946
2025-02-27 09:00:00.000000 UTC,Outside,213706
2025-02-27 10:00:00.000000 UTC,Inside,30462
2025-02-27 10:00:00.000000 UTC,Outside,137673
2025-02-27 11:00:00.000000 UTC,Inside,28420
2025-02-27 11:00:00.000000 UTC,Outside,122571
2025-02-27 12:00:00.000000 UTC,Inside,31154
2025-02-27 12:00:00.000000 UTC,Outside,128869
2025-02-27 13:00:00.000000 UTC,Inside,35621
2025-02-27 13:00:00.000000 UTC,Outside,145689
2025-02-27 14:00:00.000000 UTC,Inside,45204
2025-02-27 14:00:00.000000 UTC,Outside,184348
2025-02-27 15:00:00.000000 UTC,Inside,62108
2025-02-27 15:00:00.000000 UTC,Outside,237433
2025-02-27 16:00:00.000000 UTC,Inside,75868
2025-02-27 16:00:00.000000 UTC,Outside,262077
2025-02-27 17:00:00.000000 UTC,Inside,106903
2025-02-27 17:00:00.000000 UTC,Outside,309704
2025-02-27 18:00:00.000000 UTC,Inside,81694
2025-02-27 18:00:00.000000 UTC,Outside,234509
2025-02-27 19:00:00.000000 UTC,Inside,49265
2025-02-27 19:00:00.000000 UTC,Outside,149164
2025-02-27 20:00:00.000000 UTC,Inside,35484
2025-02-27 20:00:00.000000 UTC,Outside,108563
2025-02-27 21:00:00.000000 UTC,Inside,32403
2025-02-27 21:00:00.000000 UTC,Outside,86609
2025-02-27 22:00:00.000000 UTC,Inside,24191
2025-02-27 22:00:00.000000 UTC,Outside,65208
2025-02-27 23:00:00.000000 UTC,Inside,14796
2025-02-27 23:00:00.000000 UTC,Outside,39521
2025-02-28 00:00:00.000000 UTC,Inside,8226
2025-02-28 00:00:00.000000 UTC,Outside,20492
2025-02-28 01:00:00.000000 UTC,Inside,3026
2025-02-28 01:00:00.000000 UTC,Outside,8251
2025-02-28 02:00:00.000000 UTC,Inside,1568
2025-02-28 02:00:00.000000 UTC,Outside,5333
2025-02-28 03:00:00.000000 UTC,Inside,1150
2025-02-28 03:00:00.000000 UTC,Outside,6293
2025-02-28 04:00:00.000000 UTC,Inside,1777
2025-02-28 04:00:00.000000 UTC,Outside,17693
2025-02-28 05:00:00.000000 UTC,Inside,6563
2025-02-28 05:00:00.000000 UTC,Outside,61594
2025-02-28 06:00:00.000000 UTC,Inside,17388
2025-02-28 06:00:00.000000 UTC,Outside,133630
2025-02-28 07:00:00.000000 UTC,Inside,35410
2025-02-28 07:00:00.000000 UTC,Outside,260465
2025-02-28 08:00:00.000000 UTC,Inside,45681
2025-02-28 08:00:00.000000 UTC,Outside,265250
2025-02-28 09:00:00.000000 UTC,Inside,34779
2025-02-28 09:00:00.000000 UTC,Outside,170322
2025-02-28 10:00:00.000000 UTC,Inside,28300
2025-02-28 10:00:00.000000 UTC,Outside,129178
2025-02-28 11:00:00.000000 UTC,Inside,28373
2025-02-28 11:00:00.000000 UTC,Outside,124233
2025-02-28 12:00:00.000000 UTC,Inside,32405
2025-02-28 12:00:00.000000 UTC,Outside,134587
2025-02-28 13:00:00.000000 UTC,Inside,38328
2025-02-28 13:00:00.000000 UTC,Outside,155571
2025-02-28 14:00:00.000000 UTC,Inside,48507
2025-02-28 14:00:00.000000 UTC,Outside,196808
2025-02-28 15:00:00.000000 UTC,Inside,62124
2025-02-28 15:00:00.000000 UTC,Outside,241230
2025-02-28 16:00:00.000000 UTC,Inside,71171
2025-02-28 16:00:00.000000 UTC,Outside,251506
2025-02-28 17:00:00.000000 UTC,Inside,81047
2025-02-28 17:00:00.000000 UTC,Outside,267280
2025-02-28 18:00:00.000000 UTC,Inside,65540
2025-02-28 18:00:00.000000 UTC,Outside,215630
2025-02-28 19:00:00.000000 UTC,Inside,45604
2025-02-28 19:00:00.000000 UTC,Outside,146690
2025-02-28 20:00:00.000000 UTC,Inside,33697
2025-02-28 20:00:00.000000 UTC,Outside,106695
2025-02-28 21:00:00.000000 UTC,Inside,34952
2025-02-28 21:00:00.000000 UTC,Outside,88974
2025-02-28 22:00:00.000000 UTC,Inside,33462
2025-02-28 22:00:00.000000 UTC,Outside,77426
2025-02-28 23:00:00.000000 UTC,Inside,21170
2025-02-28 23:00:00.000000 UTC,Outside,55388